OBJECTID,link_4,link_3,link_2,hyperlink,projectno,year,GlobalID,Shape__Area,Shape__Length,EditYr,Edited
1, , ,http://oakbec.s3.amazonaws.com/Archive/As-Builts/C65110A.pdf,http://oakbec.s3.amazonaws.com/Archive/As-Builts/C65110.pdf,C65110,1997,{0FCA96B2-D9D5-4FC5-B1C2-DE200D55EE68},826987.332,4692.688338,,NO
2, , , ,http://oakbec.s3.amazonaws.com/Archive/As-Builts/C369630.pdf,C369630,2011,{AA89E2D4-0424-46AF-8260-D7699CE449FE},531689.4648,8171.163378,,NO
3, , , ,http://oakbec.s3.amazonaws.com/Archive/As-Builts/C55424.pdf,C55424,2008,{854D6F96-933A-40B2-839D-CFF0C7BD1EE3},102144.9414,1593.532508,,NO
4, , , ,http://oakbec.s3.amazonaws.com/Archive/As-Builts/C75010.pdf,C75010,1998,{966742E9-6B66-4A52-8C87-EE698E3F9C79},48203.48828,2165.879676,2018,YES
5, , , ,http://oakbec.s3.amazonaws.com/Archive/As-Builts/C134810.pdf,C134810,2001,{6BDAE855-B990-446D-A42A-D0339D4B3D53},17038.34766,511.8834371,2017,YES
6, , , ,http://oakbec.s3.amazonaws.com/Archive/As-Builts/C17100.pdf,C17100,2000,{7FD843BE-C46A-4A91-9CB3-CAE014CE7F45},6120.996094,380.2730657,,NO
7, , , ,http://oakbec.s3.amazonaws.com/Archive/As-Builts/C69810.pdf,C69810,1998,{776657A6-F257-4C0C-9093-C5F7740203D6},3623.457031,333.3526984,,NO
8, , , ,http://oakbec.s3.amazonaws.com/Archive/As-Builts/C268310.pdf,C268310,2009,{73677D57-D210-4C71-A84B-AE3818C3C0D8},1754659.059,6661.124636,2017,YES
9, , , ,http://oakbec.s3.amazonaws.com/Archive/As-Builts/C61210.pdf,C61210,1996,{D1B989EA-0D5C-407C-8119-DB178123E9B4},1528803.488,5603.977542,,NO
10, , , ,http://oakbec.s3.amazonaws.com/Archive/As-Builts/C47210.pdf,C47210,1992,{3FE4CD71-AA9A-4484-AC65-A3BEF78E2FF6},1437003.133,6797.187505,,NO
11, , , ,http://oakbec.s3.amazonaws.com/Archive/As-Builts/C96010.pdf,C96010,2003,{1F149632-2AAF-42F1-B31A-C7E403B4E9F1},984464.4297,4362.359178,,NO
12, , ,http://oakbec.s3.amazonaws.com/Archive/As-Builts/G29500%2873140%29A.pdf,http://oakbec.s3.amazonaws.com/Archive/As-Builts/G29500%2873140%29.pdf,G29500,1987,{0F7C3FFE-6099-4A3A-952A-C97F16F5775E},1312010.121,5128.187888,,NO
13, , , ,http://oakbec.s3.amazonaws.com/Archive/As-Builts/C52610.pdf,C52610,1994,{12788793-2EA5-4E63-AA44-59B6A5FA8016},1236164.145,6326.948324,,NO
14, , , ,http://oakbec.s3.amazonaws.com/Archive/As-Builts/C15810.pdf,C15810,1990,{2DF1CD19-6FED-43A2-A251-6D73F6AA9249},1130689.613,4085.734275,,NO
15, , ,http://oakbec.s3.amazonaws.com/Archive/As-Builts/C96110A.pdf,http://oakbec.s3.amazonaws.com/Archive/As-Builts/C96110.pdf,C96110,2009,{05560DCC-B120-4101-BCFE-23A6868ADAA8},1083025.73,4972.362372,2019,YES
16, , , ,http://oakbec.s3.amazonaws.com/Archive/As-Builts/C59810.pdf,C59810,1996,{2AF1745F-9D44-4C17-BD85-ED111CC5E02A},1039841.215,3831.724937,,NO
17, , , ,http://oakbec.s3.amazonaws.com/Archive/As-Builts/C9.pdf,C9,1952,{3CAC64EF-1B71-4154-BE32-3D426E9CB0A2},982014.7422,6349.185304,,NO
18, , ,http://oakbec.s3.amazonaws.com/Archive/As-Builts/C165210A.pdf,http://oakbec.s3.amazonaws.com/Archive/As-Builts/C165210.pdf,C165210,2002,{19047169-66CA-4A58-BA3F-E59B18B3C698},977271.7344,4819.68277,2018,YES
19, , ,http://oakbec.s3.amazonaws.com/Archive/As-Builts/C227710A.pdf,http://oakbec.s3.amazonaws.com/Archive/As-Builts/C227710.pdf,C227710,2007,{508A6D42-8D43-4287-9250-D8F690B3F5F8},981302.5195,4401.204726,2017,YES
20, , , ,http://oakbec.s3.amazonaws.com/Archive/As-Builts/C65310.pdf,C65310,1997,{A77A3BFA-A3BA-4111-9EFC-342FF8DF67D1},1299295.098,4852.234101,2019,YES
21, , , ,http://oakbec.s3.amazonaws.com/Archive/As-Builts/C267210.pdf,C267210,2008,{67A76354-F7AF-43F9-B241-446410A8E593},899806.7773,4372.478023,2018,YES
22, , , ,http://oakbec.s3.amazonaws.com/Archive/As-Builts/C96210.pdf,C96210,2004,{268CED09-8432-466D-B792-4F37520B7EC7},888069.2617,5703.486787,,YES
23, , , ,http://oakbec.s3.amazonaws.com/Archive/As-Builts/C70010.pdf,C70010,1998,{36282F50-BDBD-4CEF-952F-B453CA52387C},850870.2422,4710.958212,2019,YES
24, , , ,http://oakbec.s3.amazonaws.com/Archive/As-Builts/C267110.pdf,C267110,2007,{EFB1F776-BBF2-48DF-962B-9C4C989FEF77},849575.0586,4043.15429,2018,YES
25, , , ,http://oakbec.s3.amazonaws.com/Archive/As-Builts/C312210.pdf,C312210,2010,{CD410C69-6F64-4B06-91F7-437DC3A05816},788656.375,4155.670971,2019,YES
26, , ,http://oakbec.s3.amazonaws.com/Archive/As-Builts/C59310A.pdf,http://oakbec.s3.amazonaws.com/Archive/As-Builts/C59310.pdf,C59310,2000,{30FF04A6-DBC5-444A-9A5B-7539CFF4C0CD},795509.2227,3979.378702,2018,YES
27, , , ,http://oakbec.s3.amazonaws.com/Archive/As-Builts/C70030.pdf,C70030,1997,{8675DEB4-3D9E-447B-9BE4-0040C303EB02},790316.7383,4720.263165,,NO
28, , , ,http://oakbec.s3.amazonaws.com/Archive/As-Builts/C282815.pdf,C282815,2006,{76E443DE-6C8D-4CC5-BAB1-950663B7C3A4},295.9960938,116.7252919,,NO
29, , ,http://oakbec.s3.amazonaws.com/Archive/As-Builts/C52310.pdf,http://oakbec.s3.amazonaws.com/Archive/As-Builts/C52310.pdf,C52310,1993,{2DD2BC84-B035-46F7-AF01-5244EC26298A},737946.2578,3704.635363,,NO
30, , ,http://oakbec.s3.amazonaws.com/Archive/As-Builts/C72910A.pdf,http://oakbec.s3.amazonaws.com/Archive/As-Builts/C72910.pdf,C72910,2005,{F3FBF142-7473-4C26-9D2B-856272BC0AF5},727482.332,4599.174801,,NO
31, , , ,http://oakbec.s3.amazonaws.com/Archive/As-Builts/C47610.pdf,C47610,1994,{6A7A9809-298A-4AF6-BFA7-40151A7B24FB},727642.7852,3991.34052,,NO
32, , , ,http://oakbec.s3.amazonaws.com/Archive/As-Builts/C158310.pdf,C158310,2004,{EBEAE5A9-DCDF-4384-BF63-BA9DC9422A55},709531.3398,4818.546441,,NO
33, , , ,http://oakbec.s3.amazonaws.com/Archive/As-Builts/C79410.pdf,C79410,2000,{51F74E3E-0F0F-4B3B-A5BC-FE1B3B59BAB0},687263.2891,5138.445218,,NO
34, , ,,http://oakbec.s3.amazonaws.com/Archive/As-Builts/C157910.pdf,C157910,2004,{9E4D6F35-C2FF-4EC2-95B4-BCD912092DA6},680294.0742,4186.757647,2019,YES
35, , , ,http://oakbec.s3.amazonaws.com/Archive/As-Builts/C227310.pdf,C227310,2008,{C41F8AD0-F7C2-4B80-A5DF-7B3E56FA2D25},643119.7734,5191.710026,2019,YES
36, , ,http://oakbec.s3.amazonaws.com/Archive/As-Builts/C74510A.pdf,http://oakbec.s3.amazonaws.com/Archive/As-Builts/C74510.pdf,C74510,2000,{6B7FCFA0-5D51-4049-8FF5-7632D4BF517C},621367.8359,3616.342677,2020,YES
37, , , ,http://oakbec.s3.amazonaws.com/Archive/As-Builts/C158110.pdf,C158110,2003,{C5B8D49B-74DB-4D3B-8A6B-D704D09AB5DE},609654.875,3068.171456,2019,YES
38, , , ,http://oakbec.s3.amazonaws.com/Archive/As-Builts/C158210.pdf,C158210,2002,{5E7B83C1-FB19-41A2-8BBB-E63288F88430},610145.3125,4224.590609,2018,YES
39, , , ,http://oakbec.s3.amazonaws.com/Archive/As-Builts/C47310.pdf,C47310,1992,{CAD0EE03-6858-4E77-89D9-76802BDFF77D},602029.8086,4924.219604,,NO
40, ,http://oakbec.s3.amazonaws.com/Archive/As-Builts/C267310B.pdf,http://oakbec.s3.amazonaws.com/Archive/As-Builts/C267310A.pdf,http://oakbec.s3.amazonaws.com/Archive/As-Builts/C267310.pdf,C267310,2007,{EDB8EAF8-3252-40D2-820E-4F7ED0222567},578315.3164,3706.844741,2018,YES
41, , , ,http://oakbec.s3.amazonaws.com/Archive/As-Builts/75240.pdf,75240,1987,{8A6005C1-D314-4027-913B-680DB04FE507},577896.3633,4136.252116,,NO
42, , , ,http://oakbec.s3.amazonaws.com/Archive/As-Builts/C09310.pdf,C09310,0,{9069702D-45ED-45F6-996E-47AEE55D59E2},557377.3555,4840.525786,,NO
43, , , ,http://oakbec.s3.amazonaws.com/Archive/As-Builts/C47410.pdf,C47410,1992,{28AA5B6F-AFEF-4C62-8EBF-B30530960DB5},550966.3906,3841.938229,,NO
44, , , ,http://oakbec.s3.amazonaws.com/Archive/As-Builts/G22210.pdf,G22210,1987,{956CA264-2AC9-407B-8A42-59E3C3E7B510},548404.3398,3385.450425,,NO
45, , , ,http://oakbec.s3.amazonaws.com/Archive/As-Builts/C268410.pdf,C268410,2009,{4E7B161E-78EF-4B70-97BE-2AD32CCE92A2},529860.3008,3720.161837,2017,YES
46, , , ,http://oakbec.s3.amazonaws.com/Archive/As-Builts/C227810.pdf,C227810,2006,{A1C49FF3-B00C-41A3-AE98-15E69DBB9D81},521847.9961,3518.069329,2018,YES
47, ,http://oakbec.s3.amazonaws.com/Archive/As-Builts/SAD_5143B.pdf,http://oakbec.s3.amazonaws.com/Archive/As-Builts/SAD_5143A.pdf,http://oakbec.s3.amazonaws.com/Archive/As-Builts/SAD_5143.pdf,SAD 5143,1971,{F5CBD2E3-6D7E-4DC1-B134-A6D6DFCF8B4C},519051.3789,4271.35605,,NO
48, , , ,http://oakbec.s3.amazonaws.com/Archive/As-Builts/C52810.pdf,C52810,1994,{96174857-930E-4173-94FB-12EA22E04BC5},496796.3945,3305.851137,,NO
49, , , ,http://oakbec.s3.amazonaws.com/Archive/As-Builts/C59620.pdf,C59620,2001,{70E6A528-6245-4FC1-8321-E3EC1EF7DEC0},482296.3945,4089.033522,,NO
50, , , ,http://oakbec.s3.amazonaws.com/Archive/As-Builts/C52220.pdf,"C52220, C52230, C52240",1994,{FD88F4DA-626B-4C0E-ABEB-8EEED7327DD1},1126842.82,6452.827123,,NO
51, , , ,http://oakbec.s3.amazonaws.com/Archive/As-Builts/H24010.pdf,H24010,0,{5C39BE8D-6A66-4455-BD50-2642788E8B8A},459311.6016,2736.094268,,NO
52, , ,http://oakbec.s3.amazonaws.com/Archive/As-Builts/C158010A.pdf,http://oakbec.s3.amazonaws.com/Archive/As-Builts/C158010.pdf,C158010,2004,{057962F3-E8AF-4051-9365-24CF8604BE56},449802.8242,3152.736239,2020,YES
53, , , ,http://oakbec.s3.amazonaws.com/Archive/As-Builts/C234930.pdf,C234930,2006,{3729A86C-0426-4237-84C1-5EEE865A276F},449022.8828,3164.393484,,NO
54, , , ,http://oakbec.s3.amazonaws.com/Archive/As-Builts/C70020.pdf,C70020,1999,{8ABB0398-B61D-4505-B963-AF5BB4F7A34F},411985.9063,4884.466195,2019,NO
55, , , ,http://oakbec.s3.amazonaws.com/Archive/As-Builts/C65210.pdf,C65210,2004,{CD9925D7-2EF6-4CC0-B77D-06859D350B95},417973.207,4027.843212,2019,YES
56, , , ,http://oakbec.s3.amazonaws.com/Archive/As-Builts/C369630.pdf,C369630,2011,{B646EDAD-77AF-467F-9AD3-15485DA42055},390406.3867,7371.222355,,NO
57, , , ,http://oakbec.s3.amazonaws.com/Archive/As-Builts/C79610.pdf,C79610,2001,{153F296F-EB52-4EDA-9CEB-9081BD297C4F},382505.8906,3507.643616,2020,YES
58, , , ,http://oakbec.s3.amazonaws.com/Archive/As-Builts/G31110.pdf,G31110,0,{8F09354F-824B-421B-B69D-A9973977F040},358676.8672,3307.101745,,NO
59, , , ,http://oakbec.s3.amazonaws.com/Archive/As-Builts/G22310.pdf,G22310,1987,{7E7628B1-134B-4E3F-9BED-609AD53E4932},354047.9336,3238.494442,,NO
60, , , ,http://oakbec.s3.amazonaws.com/Archive/As-Builts/97380.pdf,97380,1987,{379B06BE-B69D-4048-B3A4-F14BDC045FC6},348827.3945,2709.994195,,NO
61, , , ,http://oakbec.s3.amazonaws.com/Archive/As-Builts/C69710.pdf,C69710,1998,{86E7169F-6E56-4AA9-ABB4-DF2E737C36F9},327324.4297,2637.691058,2019,YES
62, , , ,http://oakbec.s3.amazonaws.com/Archive/As-Builts/SAD_5098.pdf,SAD 5098,1975,{198A0690-16CC-431C-9EDE-70091A022FDA},327826.8984,2499.336134,,NO
63, , , ,http://oakbec.s3.amazonaws.com/Archive/As-Builts/C59610.pdf,C59610,1997,{F31C0567-ED5F-4DEF-8B0A-92BAA4003212},289418.4023,2674.267039,,NO
64, , , ,http://oakbec.s3.amazonaws.com/Archive/As-Builts/C47110.pdf,C47110,1992,{85C531EC-2A68-4C84-A8F2-5CD84F3854E2},284634.9063,3430.374975,,NO
65, , , ,http://oakbec.s3.amazonaws.com/Archive/As-Builts/C69910.pdf,C69910,1999,{635F6E74-8FF5-4A32-B9F1-A432863F61CE},281596.9492,4792.050131,,NO
66, , , ,http://oakbec.s3.amazonaws.com/Archive/As-Builts/C41810.pdf,C41810,1992,{27C0B60C-D3F5-4C8E-A90C-59BCC9505C9F},20411.84766,1264.802281,2020,YES
67, , , ,http://oakbec.s3.amazonaws.com/Archive/As-Builts/C78300.pdf,C78300,1998,{E0686C1B-EDBA-4CDF-8DE1-87418C636D15},264739.9648,5048.932471,,NO
68, , , ,http://oakbec.s3.amazonaws.com/Archive/As-Builts/73860.pdf,73860,1988,{FE539C86-5757-4957-835A-AA2CBF853949},262108.9102,2755.760115,,NO
69,http://oakbec.s3.amazonaws.com/Archive/As-Builts/Tract_No_4293C.pdf,http://oakbec.s3.amazonaws.com/Archive/As-Builts/Tract_No_4293B.pdf,http://oakbec.s3.amazonaws.com/Archive/As-Builts/Tract_No_4293A.pdf,http://oakbec.s3.amazonaws.com/Archive/As-Builts/Tract_No_4293.pdf,Tract No 4293,1981,{230E6075-11E8-446C-A33A-E84B4759F492},257381.9258,2486.029288,,NO
70, , ,http://oakbec.s3.amazonaws.com/Archive/As-Builts/C69510A.pdf,http://oakbec.s3.amazonaws.com/Archive/As-Builts/C69510.pdf,C69510,2000,{3B25D720-8D23-4F2C-8CA6-FBD85F7B64BB},57146.76953,4167.670889,2019,YES
71, , , ,http://oakbec.s3.amazonaws.com/Archive/As-Builts/C74910.pdf,C74910,1999,{52429BE1-EF28-4A9F-8027-2057BFF58DBF},228601.4023,3469.319669,,NO
72, , , ,http://oakbec.s3.amazonaws.com/Archive/As-Builts/C47810.pdf,C47810,1992,{2411B354-EAEF-4513-B7EF-462FF099BAA0},222727.0039,5612.136772,,NO
73, , , ,http://oakbec.s3.amazonaws.com/Archive/As-Builts/G30900%2879100%29.pdf,G30900,1989,{C5B503B8-22F1-4E77-8BAB-3CA50A5B66B1},222124.0156,9267.886788,,NO
74, , , ,http://oakbec.s3.amazonaws.com/Archive/As-Builts/C44210.pdf,C44210,1991,{1294CE51-6851-43AD-BBFF-F44850E52973},217323.9336,3543.478002,,NO
75, ,http://oakbec.s3.amazonaws.com/Archive/As-Builts/SAD_5143B.pdf,http://oakbec.s3.amazonaws.com/Archive/As-Builts/SAD_5143A.pdf,http://oakbec.s3.amazonaws.com/Archive/As-Builts/SAD_5143.pdf,SAD 5143,1971,{24DC36E3-A7AB-41C6-BB4C-4ADA84BFAC9F},207794.9609,2027.918501,,NO
76, , , ,http://oakbec.s3.amazonaws.com/Archive/As-Builts/C-06-4003-47.pdf,C-06-4003-47,0,{A3524F29-9B73-4E80-9404-1AC04D76655D},193533.3516,10800.87629,,NO
77, , , ,http://oakbec.s3.amazonaws.com/Archive/As-Builts/C63710.pdf,C63710,1993,{67C63612-95ED-4D6F-A144-DE182D239250},186099.4414,1592.097033,,NO
78, , , ,http://oakbec.s3.amazonaws.com/Archive/As-Builts/C73210.pdf,C73210,1995,{446C3C90-7412-497F-881F-51CE9671F50A},184876.9258,1557.003454,,NO
79, , , ,http://oakbec.s3.amazonaws.com/Archive/As-Builts/C65120.pdf,C65120,2003,{8807133C-D688-44E2-AA7A-4FF58F219F0D},182706.9375,4135.5832,2019,YES
80, , , ,http://oakbec.s3.amazonaws.com/Archive/As-Builts/C369630.pdf,C369630,2011,{9B0A6BBA-7E2B-4A13-8240-2C39C97249DA},174578.7539,7563.187341,,NO
81, , , ,http://oakbec.s3.amazonaws.com/Archive/As-Builts/C369630.pdf,C369630,2011,{7C318A2E-B467-40F9-B447-D1C0DABA87CD},172320.4844,5265.096256,,NO
82, , , ,http://oakbec.s3.amazonaws.com/Archive/As-Builts/Tract_No_5010.pdf,Tract No 5010,1983,{FFFD51A0-E6D1-49B4-99B0-7CBB8778A26B},65592.98438,1026.669831,,NO
83, , , ,http://oakbec.s3.amazonaws.com/Archive/As-Builts/C-06-4003-46.pdf,C-06-4003-46,0,{54C24DB9-BE6A-43CA-8A9D-D57AC9315F82},168154.4961,9064.025128,,NO
84, , , ,http://oakbec.s3.amazonaws.com/Archive/As-Builts/G30510%2884820%29.pdf,G30510,0,{B765ADE3-5603-4DCD-8D2D-3D477CC68BFA},164787.8633,3335.217337,,NO
85, , , ,http://oakbec.s3.amazonaws.com/Archive/As-Builts/G30800%2879110%29.pdf,G30800,1987,{782DBDF8-0B76-432B-B14B-7DB381769AE8},161749.4141,6119.471018,2020,YES
86, , , ,http://oakbec.s3.amazonaws.com/Archive/As-Builts/W833.pdf,W833,2007,{83A05D3E-450B-455D-91FB-0E316255B985},154033.9141,2175.01157,,NO
87, , , ,http://oakbec.s3.amazonaws.com/Archive/As-Builts/C81110.pdf,C81110,1999,{87EBF831-37AD-4E72-826D-AEB986E7E0A1},49422.16016,2976.341945,2019,YES
88, , , ,http://oakbec.s3.amazonaws.com/Archive/As-Builts/C282870.pdf,C282870,2007,{A7DDD1FE-DC12-4421-9DFB-14439C40ECA8},145318.9297,1995.492851,,NO
89, , , ,http://oakbec.s3.amazonaws.com/Archive/As-Builts/Tract_No_2230.pdf,Tract No 2230,1960,{836E6036-6B94-4E76-BD9D-FDD89C01506D},141002.9688,1733.955136,,NO
90, , , ,http://oakbec.s3.amazonaws.com/Archive/As-Builts/97420.pdf,97420,1987,{F0CD65CD-CA5E-42E8-9E37-3E2A3F89BDEC},5360.195313,1829.459467,2020,YES
91, , , ,http://oakbec.s3.amazonaws.com/Archive/As-Builts/C52510.pdf,C52510,1997,{9C5C4529-D42B-4451-9C89-F5493F5EAC3D},133901.4453,1371.723734,,NO
92, , , ,http://oakbec.s3.amazonaws.com/Archive/As-Builts/Tract_No_3734.pdf,Tract No 3734,1980,{718EE6BF-DD26-45E9-9443-F081F5A722C3},127322.9336,1526.179708,,NO
93, , , ,http://oakbec.s3.amazonaws.com/Archive/As-Builts/87050.pdf,87050,1984,{25040543-A80C-4325-9650-E321057C27A0},125825.4648,4286.85213,,NO
94, , , ,http://oakbec.s3.amazonaws.com/Archive/As-Builts/C369630.pdf,C369630,2011,{C8071010-680F-4EB8-BE03-03B89306EFC4},124675.9336,6596.696023,,NO
95, , , ,http://oakbec.s3.amazonaws.com/Archive/As-Builts/C71010.pdf,C71010,1995,{7581FB6D-4A50-41AA-B198-69AEAF2995EC},115403.1094,1290.563077,,NO
96, , , ,http://oakbec.s3.amazonaws.com/Archive/As-Builts/C369630.pdf,C369630,2011,{79655378-93E0-4EFE-8C3A-36C4D087B19E},115031.918,5514.891182,,NO
97, , , ,http://oakbec.s3.amazonaws.com/Archive/As-Builts/Tract_No_4284.pdf,Tract No 4284,1979,{5D964143-FB9F-41AA-9BB1-07E874BFD7E4},113000.9766,1518.221054,,NO
98, , , ,http://oakbec.s3.amazonaws.com/Archive/As-Builts/C80110.pdf,C80110,2000,{2FCE1BF4-B687-4854-97B1-CF90F8711E24},109259.1797,9180.09339,,NO
99, , , ,http://oakbec.s3.amazonaws.com/Archive/As-Builts/C57210.pdf,C57210,1996,{CC0B31B9-8E3C-4083-AEC6-A04D49B15B85},107082.4336,1516.299164,,NO
100, , , ,http://oakbec.s3.amazonaws.com/Archive/As-Builts/C66610.pdf,C66610,1994,{7C334465-D825-4064-A1D1-C3BB501587D2},104697.9766,2101.388961,2017,YES
101, , , ,http://oakbec.s3.amazonaws.com/Archive/As-Builts/C369630.pdf,C369630,2011,{068AD5A9-7B48-4AC5-B424-04A80D2A83CC},103999.4492,2661.117091,,NO
102, , , ,http://oakbec.s3.amazonaws.com/Archive/As-Builts/B05110.pdf,B05110,2001,{DFD07161-04ED-4E4E-B8AD-899CF7F25671},102774.4531,2842.048254,,NO
103, , , ,http://oakbec.s3.amazonaws.com/Archive/As-Builts/W03191.pdf,W03191,1999,{3FF0D746-A8D3-4670-91D0-A2A818E5EFEF},102240.9609,1306.196667,,NO
104, , ,http://oakbec.s3.amazonaws.com/Archive/As-Builts/C65510A.pdf,http://oakbec.s3.amazonaws.com/Archive/As-Builts/C65510.pdf,C65510,1998,{F78B8E2F-CE97-4361-A894-AC6CDF74EADE},100390,2758.914475,,NO
105, , , ,http://oakbec.s3.amazonaws.com/Archive/As-Builts/C211910.pdf,C211910,2002,{C0A30A94-C836-49A0-98C5-18A525EF381F},48108.89063,2431.733066,2019,YES
106, , , ,http://oakbec.s3.amazonaws.com/Archive/As-Builts/C369630.pdf,C369630,2011,{D61B38A0-F42C-473A-870E-366CF1C40C8B},92430.47266,1866.2285,,NO
107, , , ,http://oakbec.s3.amazonaws.com/Archive/As-Builts/C316510.pdf,C316510,2010,{7668EA7B-4C61-409D-B0C4-0DDC649915DD},92011.95313,1882.623518,,NO
108, , ,http://oakbec.s3.amazonaws.com/Archive/As-Builts/Tract_No_4518A.pdf,http://oakbec.s3.amazonaws.com/Archive/As-Builts/Tract_No_4518.pdf,Tract No 4518,1980,{8BD48EAB-6FD4-4214-BADC-E144E7637BCB},90145.49609,1916.434978,,NO
109, , , ,http://oakbec.s3.amazonaws.com/Archive/As-Builts/C228610.pdf,C228610,2004,{D9B1C350-9F53-4D3C-8A03-E20726D6A9DB},89317.96484,1340.09607,,NO
110, , , ,http://oakbec.s3.amazonaws.com/Archive/As-Builts/C-06-4003-48.pdf,C-06-4003-48,0,{38B2370D-9FBE-46CA-B7D0-EA4531FACFCB},88928.84766,1347.91892,,NO
111, , , ,http://oakbec.s3.amazonaws.com/Archive/As-Builts/C47710.pdf,C47710,1992,{B288F692-D01B-4CED-8573-29A77DDBDA08},31360.70313,3386.105222,2019,YES
112, , , ,http://oakbec.s3.amazonaws.com/Archive/As-Builts/C76610.pdf,C76610,1997,{7B50DD8B-16FE-4420-B14E-0B6925792838},83967.48828,1155.952715,,NO
113, , , ,http://oakbec.s3.amazonaws.com/Archive/As-Builts/C369630.pdf,C369630,2011,{67A0F9E0-FE11-46D6-833C-44625FF4BC58},82494.41797,3457.41248,,NO
114, , , ,http://oakbec.s3.amazonaws.com/Archive/As-Builts/C369630.pdf,C369630,2011,{4851C443-BE26-42D7-AE6E-A747F79F55C0},76653.02734,3634.471287,,NO
115, , , ,http://oakbec.s3.amazonaws.com/Archive/As-Builts/C282891.pdf,C282891,2007,{1E2DC8DD-08ED-4539-9721-3880F6970900},76346.96875,1167.849408,2017,YES
116, , ,http://oakbec.s3.amazonaws.com/Archive/As-Builts/Tract_No_4308A.pdf,http://oakbec.s3.amazonaws.com/Archive/As-Builts/Tract_No_4308.pdf,Tract No 4308,1980,{D0AFFE01-EFCD-4754-AA9B-4279E0D03465},74895.46875,1121.878927,,NO
117, , , ,http://oakbec.s3.amazonaws.com/Archive/As-Builts/Tract_No_4139.pdf,Tract No 4139,0,{7CF1D2B5-3A8B-438E-AE30-59A7569FA33A},73519.99219,1085.069127,,NO
118, , ,http://oakbec.s3.amazonaws.com/Archive/As-Builts/C165910A.pdf,http://oakbec.s3.amazonaws.com/Archive/As-Builts/C165910.pdf,C165910,2002,{34B9D558-AC2E-407F-848E-EE975801E930},70629.97266,1204.079295,,NO
119, , , ,http://oakbec.s3.amazonaws.com/Archive/As-Builts/C135410.pdf,C135410,2006,{5A8D64BE-F372-4017-A195-DCD932DC1166},70430.47266,1685.134553,2017,YES
120, , , ,http://oakbec.s3.amazonaws.com/Archive/As-Builts/94700.pdf,94700,1987,{D13BD615-B845-4233-99FA-891F9A201D46},68544.49609,1156.611756,,NO
121, , , ,http://oakbec.s3.amazonaws.com/Archive/As-Builts/C65410.pdf,C65410,1998,{78980060-0E2D-4521-BB0B-24B11E6D5E5E},67375.93359,2913.454947,,NO
122, , , ,http://oakbec.s3.amazonaws.com/Archive/As-Builts/C69610.pdf,C69610,1997,{76F3C1F1-E687-4AB5-AC2D-F5F615523930},65835.93359,3472.78954,,NO
123, , , ,http://oakbec.s3.amazonaws.com/Archive/As-Builts/Tract_No_4726.pdf,Tract No 4726,0,{E857A9A8-F959-4F55-91B2-10F9806C52DC},63739.5,1431.520356,,NO
124, , , ,http://oakbec.s3.amazonaws.com/Archive/As-Builts/G30710.pdf,G30710,1989,{4F69A061-5AF6-46B7-B396-9BFB210119D4},61885.46484,3067.585969,2020,YES
125, , , ,http://oakbec.s3.amazonaws.com/Archive/As-Builts/B04510.pdf,B04510,2000,{1313F4FC-AFF8-4438-8011-8D606BC85414},61550.48047,1020.661636,,NO
126, , , ,http://oakbec.s3.amazonaws.com/Archive/As-Builts/83350.pdf,83350,1977,{AA4AF089-400E-4661-863E-B4889C77B1B1},60013.96875,3769.654918,,NO
127, , , ,http://oakbec.s3.amazonaws.com/Archive/As-Builts/C63510.pdf,C63510,1993,{D4CD4008-DCE8-4EE7-B654-4E15522F12F1},59847.43359,1960.843765,,NO
128, , , ,http://oakbec.s3.amazonaws.com/Archive/As-Builts/C97410.pdf,C97410,1989,{71AB17AF-4172-4C49-91F3-EC6DE01D763E},59067.50391,2697.302626,,NO
129, , , ,http://oakbec.s3.amazonaws.com/Archive/As-Builts/C329112.pdf,C329112,2009,{12CD9CD2-676B-4C2E-9373-119AC9A47E31},96020.26172,2403.419391,2017,YES
130, , , ,http://oakbec.s3.amazonaws.com/Archive/As-Builts/Tract_No_4059.pdf,Tract No 4059,1978,{C8E0BFF8-1BF7-4864-B1A6-3E7E88314B89},58049.98047,915.1812874,2020,YES
131, , , ,http://oakbec.s3.amazonaws.com/Archive/As-Builts/C39610.pdf,C39610,1992,{FBC19CCB-9CFE-4954-8993-CA932CB96527},73797.59375,4309.301089,2019,YES
132, , , ,http://oakbec.s3.amazonaws.com/Archive/As-Builts/C79710.pdf,C79710,2008,{90E9C978-DF77-4FA7-88FA-423D7F680273},55639.54688,3916.095826,,NO
133, , ,http://oakbec.s3.amazonaws.com/Archive/As-Builts/Tract_No_4154A.pdf,http://oakbec.s3.amazonaws.com/Archive/As-Builts/Tract_No_4154.pdf,Tract No 4154,1979,{8F55DF58-2116-42F5-8E21-A4D498595BB0},54916.48828,1161.295113,,NO
134, , , ,http://oakbec.s3.amazonaws.com/Archive/As-Builts/C282892.pdf,C282892,2009,{01E379D8-A7E8-4264-8587-8D079BC36556},52286.45703,1017.146591,,NO
135, , , ,http://oakbec.s3.amazonaws.com/Archive/As-Builts/C369630.pdf,C369630,2011,{D257AEA8-F1E3-400A-8CEB-2A39AFF07E1E},51919.37109,4734.102137,,NO
136, , , ,http://oakbec.s3.amazonaws.com/Archive/As-Builts/73890.pdf,73890,1988,{F5D0502A-6F95-47E2-ACE8-679020B0824B},51211.50781,3258.851832,,NO
137, , ,http://oakbec.s3.amazonaws.com/Archive/As-Builts/C183510A.pdf,http://oakbec.s3.amazonaws.com/Archive/As-Builts/C183510.pdf,C183510,2002,{EF695CD8-1594-44B1-9385-A6AE77834C73},47724.95703,2126.197307,2020,YES
138, , ,http://oakbec.s3.amazonaws.com/Archive/As-Builts/C261010A.pdf,http://oakbec.s3.amazonaws.com/Archive/As-Builts/C261010.pdf,C261010,2006,{287FC257-853E-4F1F-B671-2CA8A24C025F},45074.94531,3260.641491,,NO
139, , ,http://oakbec.s3.amazonaws.com/Archive/As-Builts/Tract_No_3632_a.pdf,http://oakbec.s3.amazonaws.com/Archive/As-Builts/Tract_No_3632.pdf,Tract No 3632,1975,{AD5A506B-8A8C-4F20-BEFA-2F449B159E97},44187.03125,1289.529334,,NO
140, , , ,http://oakbec.s3.amazonaws.com/Archive/As-Builts/C95810.pdf,C95810,2002,{23325123-74B6-4F1F-8289-EF1E7F18A5AE},72976.61328,4636.375204,2020,YES
141, , , ,http://oakbec.s3.amazonaws.com/Archive/As-Builts/C68410.pdf,C68410,1994,{11132338-46C4-400A-AF9C-7F6155BA1C57},40628.86719,807.8742075,,NO
142, , , ,http://oakbec.s3.amazonaws.com/Archive/As-Builts/G53910.pdf,G53910,1988,{516EAC12-47F3-4008-84B5-0C868ED68191},40133.49219,776.3311328,,NO
143, , , ,http://oakbec.s3.amazonaws.com/Archive/As-Builts/83820.pdf,83820,0,{70FFE8F1-C931-4FC5-985A-64CA377D7FAA},38941.97656,2251.320781,,NO
144, , , ,http://oakbec.s3.amazonaws.com/Archive/As-Builts/C45310.pdf,C45310,1992,{4106CEDB-5E61-4C4E-BF5A-9E8A6DECF3CF},38433.98047,967.7683731,,NO
145, , , ,http://oakbec.s3.amazonaws.com/Archive/As-Builts/C80010.pdf,C80010,2005,{39EABE24-C51E-4D8F-991E-5C0FE747B010},37571.99609,3486.258909,,NO
146, , , ,http://oakbec.s3.amazonaws.com/Archive/As-Builts/C48810.pdf,C48810,1991,{16B1442C-B965-4B5A-A9C4-C23C65FBC8E8},37298.5,772.4136074,,NO
147, , , ,http://oakbec.s3.amazonaws.com/Archive/As-Builts/C57110.pdf,C57110,1993,{4C97F08E-9E06-4E0C-89FB-436F5A208D2C},36458.95703,1738.964427,,NO
148, , ,http://oakbec.s3.amazonaws.com/Archive/As-Builts/C282820A.pdf,http://oakbec.s3.amazonaws.com/Archive/As-Builts/C282820.pdf,C282820,2008,{2FE9BF4B-D58A-4DBF-857D-5E6D5C3DBAC6},36140.99609,855.8833148,,NO
149, , , ,http://oakbec.s3.amazonaws.com/Archive/As-Builts/C76110.pdf,C76110,1998,{250C4DD2-3470-4205-AAA8-249A9604D5B7},35668.96875,915.072267,,NO
150, , , ,http://oakbec.s3.amazonaws.com/Archive/As-Builts/C99910.pdf,C99910,1999,{75770455-EDDB-45FD-8968-A386E9BAB755},9081.046875,437.5706394,2019,YES
151, , , ,http://oakbec.s3.amazonaws.com/Archive/As-Builts/C260110.pdf,C260110,2006,{CC79EB21-1182-4A0E-96FE-237983E29042},35205.98438,1594.005696,,NO
152, , , ,http://oakbec.s3.amazonaws.com/Archive/As-Builts/C71110.pdf,C71110,1996,{A7D5B667-C9D6-4EE8-B2C1-0646177AE434},35086.53125,2069.707222,,NO
153, , , ,http://oakbec.s3.amazonaws.com/Archive/As-Builts/C329133.pdf,C329133,2013,{61C5AE02-227C-4A89-89A1-475F05B82A04},34745.50391,817.3217198,2017,YES
154, , , ,http://oakbec.s3.amazonaws.com/Archive/As-Builts/C95370.pdf,C95370,0,{68C4E220-AE4B-4AE2-AA3D-772210398288},33467.00391,726.1390642,,NO
155, , , ,http://oakbec.s3.amazonaws.com/Archive/As-Builts/G31800%2887310%29.pdf,G31800,1989,{492B25C0-D8EC-4E84-850D-113B0441E0B8},32977.50391,3379.551768,2020,YES
156, , , ,http://oakbec.s3.amazonaws.com/Archive/As-Builts/C78510.pdf,C78510,1997,{1F3952F5-436A-44FC-BDA0-3512D1A99760},32922.99609,1219.046171,,NO
157, , , ,http://oakbec.s3.amazonaws.com/Archive/As-Builts/C282811.pdf,C282811,2009,{E8882CE9-F6E8-451E-933C-2E5FAFAE54ED},66105.91016,1345.390269,2017,YES
158, , , ,http://oakbec.s3.amazonaws.com/Archive/As-Builts/C329130.pdf,C329130,2012,{B5D376EF-F92E-489A-A2D1-905E8EA4F242},32465.99219,1898.060142,2017,YES
159, , , ,http://oakbec.s3.amazonaws.com/Archive/As-Builts/C76610.pdf,C76610,1997,{F24BD6EE-2BE8-4AF1-831D-24892CC563E4},32395.98828,757.8017369,,NO
160, , , ,http://oakbec.s3.amazonaws.com/Archive/As-Builts/Unnamed_Misc/Subdivision_No_3726.pdf,Subdiv No 3726,0,{13BFBAA8-D137-4863-ABCF-AA8608F6D9AD},31960.48438,709.3937953,,NO
161, , , ,http://oakbec.s3.amazonaws.com/Archive/As-Builts/C63510.pdf,C63510,1993,{48FF8F15-3D08-4523-972C-6802CD14C2CA},31511.98438,1250.159565,,NO
162, , , ,http://oakbec.s3.amazonaws.com/Archive/As-Builts/C71310.pdf,C71310,1995,{F1804F22-5A72-4B00-8EB5-BF131339EF75},31345.99219,673.2169947,,NO
163, , , ,http://oakbec.s3.amazonaws.com/Archive/As-Builts/Unnamed_Misc/Zone12Project.pdf,Zone12Project,0,{D8F9BF36-A7C9-4334-8A92-D3E23B86AC55},29912.97656,2153.012733,,NO
164, , , ,http://oakbec.s3.amazonaws.com/Archive/As-Builts/Tract_No_3358.pdf,Tract No 3358,1972,{5DDD41A2-FDA7-406A-9E1D-31A2245EC4C0},29242.49609,743.3415862,,NO
165, , , ,http://oakbec.s3.amazonaws.com/Archive/As-Builts/C00910.pdf,C00910,1993,{D5685089-0712-46A0-9027-6CE6461274A0},27869.625,2096.65221,2020,YES
166, , , ,http://oakbec.s3.amazonaws.com/Archive/As-Builts/C329137.pdf,C329137,2010,{B68A397F-BBAE-4611-A64A-E2F5C7373CB2},27962.16406,604.4243334,2017,YES
167, , , ,http://oakbec.s3.amazonaws.com/Archive/As-Builts/C39010.pdf,C39010,1992,{004D80BF-DF07-49FF-82FB-04EBA615D8F1},26986.51172,2729.433012,,NO
168, , , ,http://oakbec.s3.amazonaws.com/Archive/As-Builts/C92010.pdf,C92010,1998,{E7B5B077-AF4E-4CE6-AFD7-E4CD04919AD9},10655.55859,593.9553189,2019,YES
169, , , ,http://oakbec.s3.amazonaws.com/Archive/As-Builts/C79310.pdf,C79310,2006,{DED2ED2E-BE13-4A5C-80F9-F816664E1B1C},26441.97266,2445.283015,,NO
170, , , ,http://oakbec.s3.amazonaws.com/Archive/As-Builts/C279010.pdf,C279010,2006,{D48783C5-2729-4F68-8146-ED6310FB95D8},26306.99609,972.691109,,NO
171, , , ,http://oakbec.s3.amazonaws.com/Archive/As-Builts/C63510.pdf,C63510,1993,{E9DC6486-0852-4EE7-9F6F-DEC0422776F1},25300.01172,1214.77516,,NO
172, , , ,http://oakbec.s3.amazonaws.com/Archive/As-Builts/C92010.pdf,C92010,1998,{2BB43BB5-3ACC-489C-AC2E-DEF0474E53C8},3472.261719,258.5975715,,YES
173, , , ,http://oakbec.s3.amazonaws.com/Archive/As-Builts/G30800%2879110%29.pdf,G30800,1987,{9088508C-9B89-4AEB-A264-C9363C8351D1},24955.01563,1559.020402,,NO
174, , , ,http://oakbec.s3.amazonaws.com/Archive/As-Builts/W833.pdf,W833,2007,{B693ABD3-3505-4F75-9F99-8446440B2980},24857.98828,662.3803983,,NO
175, , , ,http://oakbec.s3.amazonaws.com/Archive/As-Builts/G30510%2884820%29.pdf,G30510,0,{0E80AECD-FECC-452D-86EE-0DBEDEFE1976},24726.97266,1160.665379,,NO
176, , , ,http://oakbec.s3.amazonaws.com/Archive/As-Builts/C77420.pdf,C77420,1998,{9210492E-E715-4DFE-B72E-55F5D731E34D},24456.67578,705.8990052,,NO
177, , , ,http://oakbec.s3.amazonaws.com/Archive/As-Builts/C08930.pdf,C08930,1997,{B2561A9E-5942-48C1-AB8D-8B5105A6EB94},24480.51172,2010.880392,,NO
178, , , ,http://oakbec.s3.amazonaws.com/Archive/As-Builts/C92210.pdf,C92210,1999,{F3B07C29-05E3-4AA1-882D-5A7601C6C957},24038.98047,661.5265988,,NO
179, , , ,http://oakbec.s3.amazonaws.com/Archive/As-Builts/85550.pdf,85550,1988,{DDC386C0-1747-4BA9-807E-CC2869EF034B},24026.50781,1239.568774,,NO
180, , , ,http://oakbec.s3.amazonaws.com/Archive/As-Builts/C64410.pdf,C64410,1993,{B462864B-C452-40D6-8DAB-DFA2ABE206A8},23596.375,634.3443465,,NO
181, , , ,http://oakbec.s3.amazonaws.com/Archive/As-Builts/A123610.pdf,A123610,2000,{F2CC63EC-163D-4163-B4CF-8E594D9BC203},23191.41016,2451.848156,,NO
182, , , ,http://oakbec.s3.amazonaws.com/Archive/As-Builts/C194710.pdf,C194710,2003,{677F831A-107E-4D22-B072-8A44C636D19F},22494.92578,2455.990696,,NO
183, , , ,http://oakbec.s3.amazonaws.com/Archive/As-Builts/C73310.pdf,C73310,1995,{19D9FB13-DB59-4028-B755-BD47401CB863},22016.44141,634.7920454,,NO
184, , , ,http://oakbec.s3.amazonaws.com/Archive/As-Builts/C65910.pdf,C65910,1995,{C166371F-179D-411B-A0A7-AD064CB3D6C2},21791.00781,975.4409475,,NO
185, , , ,http://oakbec.s3.amazonaws.com/Archive/As-Builts/C80010.pdf,C80010,2005,{5E8CAF5A-87A2-41EA-AB86-1795C3E8782E},21173.48828,1720.904376,,NO
186, , , ,http://oakbec.s3.amazonaws.com/Archive/As-Builts/C716.pdf,C716,1962,{0409E2F6-F22A-451A-84D0-574B6205C288},21084.98047,1358.86577,,NO
187, , , ,http://oakbec.s3.amazonaws.com/Archive/As-Builts/C67310.pdf,C67310,2006,{AC7B3DF2-EC57-4E4A-A231-6A8E2FC5CEF9},20935.00391,1335.239961,,NO
188, , , ,http://oakbec.s3.amazonaws.com/Archive/As-Builts/C09310.pdf,C09310,0,{78EB6F3E-AAE8-4590-B275-B97B0C81EAC2},20279.49219,590.5586495,,NO
189, , , ,http://oakbec.s3.amazonaws.com/Archive/As-Builts/C56010.pdf,C56010,1993,{3B189650-94DF-4BA6-95DB-6803618E792F},19957.98047,1039.389447,,NO
190, , , ,http://oakbec.s3.amazonaws.com/Archive/As-Builts/Unnamed_Misc/STPL5012%5B001%5D.pdf,STPL5012,0,{59703A1B-557F-456C-BF64-0012775F55A5},19288,684.0733702,,NO
191, , , ,http://oakbec.s3.amazonaws.com/Archive/As-Builts/G22110.pdf,G22110,0,{5690E9AE-B07C-4F8F-9F95-1CA0DA6A84E2},19227.5,903.9882322,,NO
192, , , ,http://oakbec.s3.amazonaws.com/Archive/As-Builts/C329114.pdf,C329114,2008,{2F7FFD5C-E26E-4E9D-AF42-23392B5432E2},18672.49609,652.5315607,2017,YES
193, , , ,http://oakbec.s3.amazonaws.com/Archive/As-Builts/C329133.pdf,C329133,2013,{85C9CCE1-A95A-4E0F-BC5C-5EBFF83CE070},18581.47656,589.0297358,2017,YES
194, , , ,http://oakbec.s3.amazonaws.com/Archive/As-Builts/G30510%2884820%29.pdf,G30510,0,{8E84B20D-E508-4533-BA95-888198ADAEE8},18327.98438,1780.604363,,NO
195, , , ,http://oakbec.s3.amazonaws.com/Archive/As-Builts/70720.pdf,70720,1982,{C7D25C24-56DA-41D4-9AF3-75FF036EC6C2},18022.49609,584.7436992,,NO
196, , , ,http://oakbec.s3.amazonaws.com/Archive/As-Builts/C71710.pdf,C71710,1996,{4083EEAB-D23E-45D1-A457-C8504C773358},17770.00391,846.3702513,,NO
197, , , ,http://oakbec.s3.amazonaws.com/Archive/As-Builts/C02810.pdf,C02810,1991,{E4917D29-ADFA-4DC7-B7F7-6CB868E9C016},17752.88672,1127.290372,,NO
198, , , ,http://oakbec.s3.amazonaws.com/Archive/As-Builts/AA2068.pdf,AA2068,0,{F7AEA34D-BC90-46E0-A204-0F0F4A99BF15},17720.99219,1258.835746,,NO
199, , , ,http://oakbec.s3.amazonaws.com/Archive/As-Builts/C184710.pdf,C184710,2001,{BDB49902-6A64-46EC-A716-064CA5FBE0B7},17721.50391,637.8692419,,NO
200, , ,http://oakbec.s3.amazonaws.com/Archive/As-Builts/SAD_5092A.pdf,http://oakbec.s3.amazonaws.com/Archive/As-Builts/SAD_5092.pdf,SAD 5092,1970,{66E42B53-78EA-4D16-B209-0E71E7D469C1},17748.98438,790.1488213,,NO
201, , ,http://oakbec.s3.amazonaws.com/Archive/As-Builts/C262310A.pdf,http://oakbec.s3.amazonaws.com/Archive/As-Builts/C262310.pdf,C262310,2008,{D974FF3C-509D-4934-8DFC-E5BC6E88CBB6},4660.332031,465.0991382,,NO
202, , , , ,P128840,0,{C7DF9B39-54DE-481F-82A9-0ACBA9B93B90},16707.21094,1007.650795,,NO
203, , , ,http://oakbec.s3.amazonaws.com/Archive/As-Builts/C90010.pdf,C90010,1998,{FE9457D9-00D7-4BCE-8242-659A416D0035},16579.49609,1506.606838,,NO
204, , , ,http://oakbec.s3.amazonaws.com/Archive/As-Builts/C84210.pdf,C84210,1997,{05E543FF-9A36-4DA8-A601-D4380CFBA3A9},16470.5,482.787878,,NO
205, , , ,http://oakbec.s3.amazonaws.com/Archive/As-Builts/C65910.pdf,C65910,1995,{FF5FB393-ED2C-476B-9396-5FDE67C60794},16269.50781,884.1570279,,NO
206, , , ,http://oakbec.s3.amazonaws.com/Archive/As-Builts/C56610.pdf,C56610,1996,{0FB7371D-75F7-4DDE-85AA-464DE68B6B44},16214.11328,628.0572254,,NO
207, , , ,http://oakbec.s3.amazonaws.com/Archive/As-Builts/G30510%2884820%29.pdf,G30510,0,{6409EE62-895C-482C-A863-2E466103E901},15970.48828,1283.870238,,NO
208, , , ,http://oakbec.s3.amazonaws.com/Archive/As-Builts/C68610.pdf,C68610,1994,{ADD0014D-D4F4-430D-938A-3F8697D7BE78},15885.98828,473.6371559,,NO
209, , , ,http://oakbec.s3.amazonaws.com/Archive/As-Builts/C44310.pdf,C44310,1992,{59CAD758-0C9F-46DE-B58E-2CB5666ECF74},15850.97656,1650.108518,,NO
210, , , ,http://oakbec.s3.amazonaws.com/Archive/As-Builts/C56010.pdf,C56010,1993,{8340D56E-99A3-43C8-B52E-5E5DFEB4EEB4},15286.48438,729.3590156,,NO
211, , , ,http://oakbec.s3.amazonaws.com/Archive/As-Builts/C70810.pdf,C70810,1995,{CE94A756-B223-45AA-A465-50C490EB5818},15131.45703,592.1708285,,NO
212, , , ,http://oakbec.s3.amazonaws.com/Archive/As-Builts/C316210.pdf,C316210,2010,{CF3479CE-7DBB-4069-87C3-FAC1070AA256},14540.98828,493.9765154,,NO
213, , , ,http://oakbec.s3.amazonaws.com/Archive/As-Builts/C79910.pdf,C79910,2000,{12DD3CFB-9B0F-4E3E-BEDA-AF9FC65BBC38},14367.52344,1456.381769,,NO
214, , , ,http://oakbec.s3.amazonaws.com/Archive/As-Builts/73750.pdf,73750,0,{D6178014-3BAB-4139-BCF0-C6156929550A},14245.47266,1006.666717,,NO
215, , , ,http://oakbec.s3.amazonaws.com/Archive/As-Builts/C369630.pdf,C369630,2011,{F20C52FE-954E-460F-A6BE-E6B0109553B9},14222.5,1236.826212,,NO
216, , , ,http://oakbec.s3.amazonaws.com/Archive/As-Builts/C99010.pdf,C99010,1999,{B146C8E0-45DC-433F-9D0A-BEBF7C46D137},14116.38281,589.8210795,,NO
217, , , ,http://oakbec.s3.amazonaws.com/Archive/As-Builts/C53410.pdf,C53410,1994,{1BC7245D-179F-41D3-B34B-9B8593B0B2D4},14071.97656,535.7796164,2020,YES
218, , , ,http://oakbec.s3.amazonaws.com/Archive/As-Builts/C96310.pdf,C96310,2002,{DBDC0C1A-9B65-4EE7-97BF-CD37FE1D74F6},13984.47266,1077.522229,2020,YES
219, , , ,http://oakbec.s3.amazonaws.com/Archive/As-Builts/C194922.pdf,C194922,2008,{62DA1C86-2F1B-4DAC-B405-B1E694FC7C0E},13963.99609,924.306701,,NO
220, , , ,http://oakbec.s3.amazonaws.com/Archive/As-Builts/C71310.pdf,C71310,1995,{4223AD5A-AA4E-4BFB-BCA6-8A8358D35DA8},13762.49219,554.5596374,,NO
221, , , ,http://oakbec.s3.amazonaws.com/Archive/As-Builts/C34800.pdf,C34800,0,{030864B1-A3A8-452F-A89F-6F90AB5F7211},13649.98828,816.3061656,,NO
222, , , ,http://oakbec.s3.amazonaws.com/Archive/As-Builts/C59510.pdf,C59510,1996,{12D7848A-4912-41E6-90A7-83BB148F5DA2},13376,869.6485765,,NO
223, , , ,http://oakbec.s3.amazonaws.com/Archive/As-Builts/A122010.pdf,A122010,1999,{DBA66BC1-08CE-4D84-980B-15E814BCBCF2},13137,474.1896464,,NO
224, , , ,http://oakbec.s3.amazonaws.com/Archive/As-Builts/C260910.pdf,C260910,2005,{08237D62-A243-4E0C-BEBE-9162ED03E575},10713.25391,1401.624805,2017,YES
225, , , ,http://oakbec.s3.amazonaws.com/Archive/As-Builts/C73110.pdf,C73110,1996,{E7A0F31E-7663-4067-AA88-FBEF16BAA046},12730,1024.514654,,NO
226, , , ,http://oakbec.s3.amazonaws.com/Archive/As-Builts/C282815.pdf,C282815,2006,{F024ACE9-3D2E-4273-9A4D-6C2EF70B36AD},12652.49609,498.3211494,,NO
227, , , ,http://oakbec.s3.amazonaws.com/Archive/As-Builts/C329138.pdf,C329138,2013,{A04B81ED-70B3-43B7-8D58-676BE0F620D0},13003.09375,1173.731568,2017,YES
228, , , ,http://oakbec.s3.amazonaws.com/Archive/As-Builts/C282820.pdf,C282820,2008,{59C42659-4AFB-4867-B899-2C994D3DA04A},12201.00781,810.5252199,2017,YES
229, , , ,http://oakbec.s3.amazonaws.com/Archive/As-Builts/B03710.pdf,B03710,2000,{406F93DF-9E14-4A7D-BE3D-AA040443D246},12116.99219,466.490284,,NO
230, , , ,http://oakbec.s3.amazonaws.com/Archive/As-Builts/C15700.pdf,C15700,1989,{D20EA842-1EEE-479A-B0E8-A741846023CE},11729.00781,682.2890097,,NO
231, , , ,http://oakbec.s3.amazonaws.com/Archive/As-Builts/C89310.pdf,C89310,1998,{29E9A30C-3ED9-48DC-8D06-4FD4CD9D39B3},11508.99609,571.8647142,,NO
232, , , ,http://oakbec.s3.amazonaws.com/Archive/As-Builts/C696.pdf,C696,1968,{31DB7203-F3A6-46EF-84E3-946BBB99A2C6},11462.51172,1058.611419,,NO
233, , , ,http://oakbec.s3.amazonaws.com/Archive/As-Builts/C200610.pdf,C200610,2003,{F3210C71-6228-431A-A091-5C979232AED9},6585.695313,860.379034,2019,YES
234, , , ,http://oakbec.s3.amazonaws.com/Archive/As-Builts/C76210.pdf,C76210,1997,{50E60090-92C0-4BA9-B593-6965A4BFCFE2},11260.98828,1093.885062,,NO
235, , ,http://oakbec.s3.amazonaws.com/Archive/As-Builts/C262310A.pdf,http://oakbec.s3.amazonaws.com/Archive/As-Builts/C262310.pdf,C262310,2008,{CBAAF507-F345-4F8D-BA67-EA7F60802A9D},3954.332031,517.1845246,,NO
236, , , ,http://oakbec.s3.amazonaws.com/Archive/As-Builts/C15700.pdf,C15700,1989,{0DB06A13-5570-4E1A-B425-A608828359E3},11181.50391,938.3714357,,NO
237, , , ,http://oakbec.s3.amazonaws.com/Archive/As-Builts/C282813.pdf,C282813,2006,{A6FE9B32-66F0-45A2-B563-01C5E9FF0CAD},10965.98438,1205.464205,2017,YES
238, , , ,http://oakbec.s3.amazonaws.com/Archive/As-Builts/C369630.pdf,C369630,2011,{80C4B082-8DDD-4F7A-9DF2-792F88ED77AA},10856.50391,1300.686486,,NO
239, , ,http://oakbec.s3.amazonaws.com/Archive/As-Builts/C45810A.pdf,http://oakbec.s3.amazonaws.com/Archive/As-Builts/C45810.pdf,C45810,1991,{FFDE3974-9DC5-415E-AF2B-F04D3BEDD62D},10781.99609,714.5783736,,NO
240, , , ,http://oakbec.s3.amazonaws.com/Archive/As-Builts/C84110.pdf,C84110,1997,{CC495177-DB0E-4C82-9663-B14659DCA689},10801.49609,770.2146239,,NO
241, , , ,http://oakbec.s3.amazonaws.com/Archive/As-Builts/C57810.pdf,C57810,1994,{39E6CEDC-0A89-45D8-BCC6-F8CA842DF3FA},10683.52344,1177.602906,,NO
242, , , ,http://oakbec.s3.amazonaws.com/Archive/As-Builts/C76510.pdf,C76510,0,{FAAFAB92-A179-43F2-A662-016793E038F7},10485.80078,372.7789678,,NO
243, , , ,http://oakbec.s3.amazonaws.com/Archive/As-Builts/C68910.pdf,C68910,1995,{078E0B47-6022-44EB-86C7-C1AE258FD014},10418.49219,457.0023811,,NO
244, , , ,http://oakbec.s3.amazonaws.com/Archive/As-Builts/C209010.pdf,C209010,2002,{2B11EA2D-7D6B-4BF6-9667-9E94C2D97F09},10078.00781,1060.022958,,NO
245, , , ,http://oakbec.s3.amazonaws.com/Archive/As-Builts/C91710.pdf,C91710,2000,{C122C7D0-8B9A-4C14-A946-2B7FF47BC155},10077,519.7112091,,NO
246, , , ,http://oakbec.s3.amazonaws.com/Archive/As-Builts/C41210.pdf,C41210,1993,{02BFFCF0-8CCF-453F-ABCF-E9BF75C60045},10049.99219,708.9603293,2019,YES
247, , , ,http://oakbec.s3.amazonaws.com/Archive/As-Builts/G299410.pdf,G299410,2006,{942BA1FD-AFFD-4CE6-B63F-48F6496A82E4},9764.992188,396.4160909,,NO
248, , , ,http://oakbec.s3.amazonaws.com/Archive/As-Builts/C64910.pdf,C64910,1994,{35CB03ED-9DE2-4160-B522-750310EC9847},9722.011719,972.8327052,,NO
249, , ,http://oakbec.s3.amazonaws.com/Archive/As-Builts/C262310A.pdf,http://oakbec.s3.amazonaws.com/Archive/As-Builts/C262310.pdf,C262310,2008,{1FF54E7E-E3C5-4A92-B5FB-F004F0F6972E},2956.355469,366.0582453,,NO
250, , , ,http://oakbec.s3.amazonaws.com/Archive/As-Builts/G31800%2887310%29.pdf,G31800,1989,{5DFC4EBC-D5E0-42E9-8B6A-351B0ED93B66},9190.984375,568.3399321,2020,YES
251, , , ,http://oakbec.s3.amazonaws.com/Archive/As-Builts/C282817.pdf,C282817,2006,{E99787F2-BC1C-43F7-989A-893BFB60E820},7780.414063,631.7042334,2019,YES
252, , , ,http://oakbec.s3.amazonaws.com/Archive/As-Builts/C435410.pdf,C435410,2012,{10C6141D-E1D6-4F7C-80F6-4EA7205C3E40},9038.492188,586.0444965,,NO
253, , , ,http://oakbec.s3.amazonaws.com/Archive/As-Builts/C38810.pdf,C38810,1995,{7EB4B502-8A7F-47E0-BB8A-44F3AAA3D32C},8886.5,704.9837268,2018,YES
254, , , ,http://oakbec.s3.amazonaws.com/Archive/As-Builts/C60310.pdf,C60310,1993,{962B675C-5D6D-4A3E-AF05-B3DD1B90E4F6},8858,414.8720364,,NO
255, , , ,http://oakbec.s3.amazonaws.com/Archive/As-Builts/C43910.pdf,C43910,1996,{B30DEBF0-7A13-4B94-ABFF-1FD9705D00E2},8819.003906,378.193525,,NO
256, , , ,http://oakbec.s3.amazonaws.com/Archive/As-Builts/C329137.pdf,C329137,2010,{ED8E400B-EBB0-4938-B4B0-A3BCD528C08F},8789.867188,510.1443837,2017,YES
257, , ,http://oakbec.s3.amazonaws.com/Archive/As-Builts/C262310A.pdf,http://oakbec.s3.amazonaws.com/Archive/As-Builts/C262310.pdf,C262310,2008,{86795CB8-AE96-4D18-B374-7EBF958733D3},5043.875,635.7065349,,NO
258, , , ,http://oakbec.s3.amazonaws.com/Archive/As-Builts/C09310.pdf,C09310,0,{A3D9203F-37EE-46D5-AF0B-3512EB16AA47},8361.003906,678.3616572,,NO
259, , , ,http://oakbec.s3.amazonaws.com/Archive/As-Builts/G299310.pdf,G299310,2006,{B41FB144-5E15-4975-815A-EEE50E377AE2},8294.980469,479.4779729,,NO
260, , , ,http://oakbec.s3.amazonaws.com/Archive/As-Builts/C56010.pdf,C56010,1993,{BAA473DC-E9FF-425D-BA07-BAD12F19B723},8219.496094,612.5765145,,NO
261, , , ,http://oakbec.s3.amazonaws.com/Archive/As-Builts/C60610.pdf,C60610,1993,{7E7BEAE2-1FA9-4A8A-9754-7E51C64AD056},8193.5,401.4404531,,NO
262, , , ,http://oakbec.s3.amazonaws.com/Archive/As-Builts/C329138.pdf,C329138,2013,{D373C433-FB08-4048-8107-E6DD5A9E2939},8335.546875,660.5931396,2017,YES
263, , , ,http://oakbec.s3.amazonaws.com/Archive/As-Builts/C35300.pdf,C35300,1988,{BB278803-BE38-4109-848E-B10EACBC5D00},7821.488281,763.3360396,,NO
264, , , ,http://oakbec.s3.amazonaws.com/Archive/As-Builts/C79910.pdf,C79910,2000,{5BC7C230-BD8B-4183-AD21-5A2B397497BC},7623.488281,925.5426641,,NO
265, , , ,http://oakbec.s3.amazonaws.com/Archive/As-Builts/C171110.pdf,C171110,2003,{3ACE3EE3-1C6E-4904-AC51-0624D520A7A6},7465.492188,738.4065482,,NO
266, , , ,http://oakbec.s3.amazonaws.com/Archive/As-Builts/C36500.pdf,C36500,1989,{CCB686F0-087F-4091-B0DB-4BE82FE28294},7274.480469,763.7501773,,NO
267, , , ,http://oakbec.s3.amazonaws.com/Archive/As-Builts/C15700.pdf,C15700,1989,{4DEDAC9A-E215-4630-8D71-BB539C124471},6881.996094,576.300792,,NO
268, , , ,http://oakbec.s3.amazonaws.com/Archive/As-Builts/C148410.pdf,C148410,2000,{14E8BD84-DD79-4CCD-A71A-ECCA5FBB9C2C},6866,378.1662765,,NO
269, , , ,http://oakbec.s3.amazonaws.com/Archive/As-Builts/C76110.pdf,C76110,1998,{D7ED7F36-8309-4683-AAFF-48484DA85561},6771.007813,333.6701108,,NO
270, , , ,http://oakbec.s3.amazonaws.com/Archive/As-Builts/C35900.pdf,C35900,1988,{4AC90C85-05B7-43F2-AF4C-B34BFC30B54E},6752,319.0430486,,NO
271, , , ,http://oakbec.s3.amazonaws.com/Archive/As-Builts/C313710.pdf,C313710,2010,{D50FFAB3-1A15-42B4-BEA0-9AB07E85B030},6720.996094,494.1024447,,NO
272, , , ,http://oakbec.s3.amazonaws.com/Archive/As-Builts/C76720.pdf,C76720,1996,{E4947A44-558D-4BBF-AE7E-945D5603E7D0},6247.496094,310.3896983,,NO
273, , , ,http://oakbec.s3.amazonaws.com/Archive/As-Builts/C39910.pdf,C39910,1990,{EDBF8171-6468-4F9F-9384-398917F8A8E8},6238.019531,903.5614757,,NO
274, , , ,http://oakbec.s3.amazonaws.com/Archive/As-Builts/C17600.pdf,C17600,1988,{A20CC699-CAF6-43BA-BF0F-6F6F9CC1986B},6231.003906,326.6098319,,NO
275, , , ,http://oakbec.s3.amazonaws.com/Archive/As-Builts/C09800.pdf,C09800,1988,{66052BD1-F0C5-408A-BDDB-0953C67F50D6},6191.488281,866.0608326,,NO
276, , , ,http://oakbec.s3.amazonaws.com/Archive/As-Builts/G31800%2887310%29.pdf,G31800,1989,{1DAF0E78-4D83-4069-B9CC-FC2736CCCC09},6048.992188,782.5737865,2020,YES
277, , , ,http://oakbec.s3.amazonaws.com/Archive/As-Builts/C67610.pdf,C67610,1995,{7BFDA723-6CE9-4995-BDDC-8419C2B8EF26},6019.496094,333.9751377,,NO
278, , , ,http://oakbec.s3.amazonaws.com/Archive/As-Builts/C56810.pdf,C56810,1995,{899518DE-4D23-4769-AB23-BBE08E679CFD},5995.980469,682.1960165,2019,YES
279, , , ,http://oakbec.s3.amazonaws.com/Archive/As-Builts/C60410.pdf,C60410,1993,{1CD0A253-2843-4B6C-A197-BC27F864D49B},5980.996094,572.5540145,,NO
280, , , ,http://oakbec.s3.amazonaws.com/Archive/As-Builts/C1024.pdf,C1024,1968,{DA61F77D-2BA7-42F9-A398-150F10C3836E},5884.511719,548.3422348,,NO
281, , , ,http://oakbec.s3.amazonaws.com/Archive/As-Builts/C48610.pdf,C48610,1991,{2C8E5395-5C69-414D-8CF6-6CE1C060F18D},5829.007813,418.8856488,,NO
282, , , ,http://oakbec.s3.amazonaws.com/Archive/As-Builts/C14010-99-A.pdf,C14010-99-A,0,{1CB119CD-9281-41DF-BC4A-AF80E57835BC},5746.910156,281.9888068,,NO
283, , , ,http://oakbec.s3.amazonaws.com/Archive/As-Builts/C09000.pdf,C09000,1988,{C2611611-225D-4A26-B7AD-D2AD91D3EC55},5605,734.2829931,,NO
284, , ,http://oakbec.s3.amazonaws.com/Archive/As-Builts/C262310A.pdf,http://oakbec.s3.amazonaws.com/Archive/As-Builts/C262310.pdf,C262310,2008,{6D853604-4E45-4AA8-933E-7C05BCFF2469},4010.222656,400.9826514,2017,YES
285, , , ,http://oakbec.s3.amazonaws.com/Archive/As-Builts/C212010.pdf,C212010,2003,{991F526B-1678-4DF3-87F4-2ED245DFCADE},5548.496094,301.919696,,NO
286, , , ,http://oakbec.s3.amazonaws.com/Archive/As-Builts/C282819.pdf,C282819,2006,{153F93E6-9D19-465F-BED7-2BEB56A19CC1},5428.496094,504.7765651,,NO
287, , , ,http://oakbec.s3.amazonaws.com/Archive/As-Builts/C73010.pdf,C73010,1997,{816411D5-E3DA-4933-A861-E8FAA70065B4},5426.996094,423.7622472,,NO
288, , , ,http://oakbec.s3.amazonaws.com/Archive/As-Builts/C282892.pdf,C282892,2009,{A931942A-D89E-48E2-86BB-A11F8B2D8507},5385.492188,418.6161694,,NO
289, , , ,http://oakbec.s3.amazonaws.com/Archive/As-Builts/C57510.pdf,C57510,1993,{D6A8C5D2-9A02-476C-98A2-7454BE7E3ACD},5373.492188,406.1242264,,NO
290, , , ,http://oakbec.s3.amazonaws.com/Archive/As-Builts/C187310.pdf,C187310,2002,{D8104E73-BFD2-4673-8C57-E6CA6EFBA420},5217.996094,413.6534677,,NO
291, , , ,http://oakbec.s3.amazonaws.com/Archive/As-Builts/85760.pdf,85760,0,{B006C241-9380-435F-B9E1-92D1E80ECE46},5198.515625,449.9602777,,NO
292, , ,http://oakbec.s3.amazonaws.com/Archive/As-Builts/C59710A.pdf,http://oakbec.s3.amazonaws.com/Archive/As-Builts/C59710.pdf,C59710,1994,{24C723A5-F9BF-4478-BD25-432997048420},5186.003906,598.4395126,,NO
293, , , ,http://oakbec.s3.amazonaws.com/Archive/As-Builts/C94210.pdf,C94210,1998,{2B4AC4F3-3D6F-441D-A3A9-A373FF91AB16},5161,277.9705705,,NO
294, , , ,http://oakbec.s3.amazonaws.com/Archive/As-Builts/C282816.pdf,C282816,2006,{D1075E57-F3DE-477A-8C0C-7D57A84FDBEC},4531.195313,545.2902984,2019,YES
295, , , ,http://oakbec.s3.amazonaws.com/Archive/As-Builts/C759.pdf,C759,1963,{83369B92-26C5-435E-9A93-BE53FBB2F376},4996.5,404.4153965,,NO
296, , , ,http://oakbec.s3.amazonaws.com/Archive/As-Builts/C134910.pdf,C134910,2000,{8DC579F2-A0B2-4280-B8F9-68EC98D7FB81},4926.011719,615.9539695,,NO
297, , , ,http://oakbec.s3.amazonaws.com/Archive/As-Builts/C282840.pdf,C282840,2006,{26A3F860-D9BC-4B33-A304-5061E4624298},4918.988281,554.0948275,,NO
298, , , ,http://oakbec.s3.amazonaws.com/Archive/As-Builts/G30510%2884820%29.pdf,G30510,0,{0E162152-6F23-44D9-BC3E-53A2BA279041},4804.996094,636.3228425,,NO
299, , , ,http://oakbec.s3.amazonaws.com/Archive/As-Builts/C313710.pdf,C313710,2010,{7828C41B-9005-48D6-8125-63C309BA8F78},4731.996094,290.9120967,,NO
300, , , ,http://oakbec.s3.amazonaws.com/Archive/As-Builts/C91010.pdf,C91010,2001,{4AFFA8B8-8874-4D68-A8CB-56A56EAFAA28},4731.003906,276.2066187,,NO
301, , , ,http://oakbec.s3.amazonaws.com/Archive/As-Builts/C807.pdf,C807,1965,{46313D1E-E1C0-4ECF-92E5-AAD0535727CF},4698,511.2565582,,NO
302, , , ,http://oakbec.s3.amazonaws.com/Archive/As-Builts/C95370.pdf,C95370,0,{A9BA6FF2-B678-4317-99AC-2D2D0C040C42},4702.007813,407.5214898,,NO
303, , , ,http://oakbec.s3.amazonaws.com/Archive/As-Builts/C39110.pdf,C39110,1992,{C64A999B-2417-4EDC-A5F3-BF05D892E7B2},4676.5,381.4391442,2019,YES
304, , , ,http://oakbec.s3.amazonaws.com/Archive/As-Builts/C41710.pdf,C41710,1990,{2AC3520F-03B7-4052-A0C7-9B8DDF6CD78E},4620.484375,445.7218469,,NO
305, , , ,http://oakbec.s3.amazonaws.com/Archive/As-Builts/C886.pdf,C886,0,{1BE7DF0C-D94A-46DD-8613-CAAE92EB0136},4608.976563,577.499484,,NO
306, , , ,http://oakbec.s3.amazonaws.com/Archive/As-Builts/C279310.pdf,C279310,2008,{B2BE163F-FEA2-4A20-BB7C-23D2E711DC1D},4583.5,345.2470323,,NO
307, , , ,http://oakbec.s3.amazonaws.com/Archive/As-Builts/Unnamed_Misc/Lake_Merrit_Flood_Control_Facility.pdf,Flood Control,0,{27A21069-6994-4069-8AA6-893656D843E6},4559.988281,286.2058883,,NO
308, , , ,http://oakbec.s3.amazonaws.com/Archive/As-Builts/C785.pdf,C785,0,{FD41F298-EF9A-426E-A6D2-3EBC4E76C9C2},4488,537.9231903,,NO
309, , , ,http://oakbec.s3.amazonaws.com/Archive/As-Builts/C66910.pdf,C66910,1994,{C1DF92AC-0A1B-4C58-A1EB-51F319C9A86E},4480.386719,354.9280554,,NO
310, , , ,http://oakbec.s3.amazonaws.com/Archive/As-Builts/C369630.pdf,C369630,2011,{D671F7D7-DA28-4CCC-A741-52D4DFA062C5},4443.5,472.817419,,NO
311, , , ,http://oakbec.s3.amazonaws.com/Archive/As-Builts/C278810.pdf,C278810,2005,{6876121C-CFAC-459D-B6CA-AA626D3C9473},4448.492188,350.3099261,,NO
312, , , ,http://oakbec.s3.amazonaws.com/Archive/As-Builts/G22110.pdf,G22110,0,{6F2E7A96-41D9-489E-926B-A17DDDF9E6DD},4416.507813,471.4480496,,NO
313, ,http://oakbec.s3.amazonaws.com/Archive/As-Builts/C70710b.pdf,http://oakbec.s3.amazonaws.com/Archive/As-Builts/C70710a.pdf,http://oakbec.s3.amazonaws.com/Archive/As-Builts/C70710.pdf,C70710,1995,{D3581BE3-403F-4DE6-BCDC-668766D53BE3},4339.996094,287.9765946,,NO
314, , , ,http://oakbec.s3.amazonaws.com/Archive/As-Builts/C329111.pdf,C329111,2007,{6C63A90D-5A5E-45A0-82DB-ECF0AEA01682},4657.925781,457.6626547,2017,YES
315, , , ,http://oakbec.s3.amazonaws.com/Archive/As-Builts/C36500.pdf,C36500,1989,{54B6A7BB-AECA-4A49-85C6-8EC4681F5D06},4265.007813,372.4438963,,NO
316, , ,http://oakbec.s3.amazonaws.com/Archive/As-Builts/C66810.pdf,http://oakbec.s3.amazonaws.com/Archive/As-Builts/C52310.pdf,C52310,1994,{98F86C70-9F38-4ACF-BD79-B30B29E3ADE8},3469.21875,270.3417374,2018,YES
317, , , ,http://oakbec.s3.amazonaws.com/Archive/As-Builts/C70210.pdf,C70210,1999,{40841E86-FC5F-4B19-8A91-637C066891CB},4194.492188,348.0802931,,NO
318, , , ,http://oakbec.s3.amazonaws.com/Archive/As-Builts/C97610.pdf,C97610,1999,{F7A9FE04-688F-4211-B7E4-92707630E8B1},4109.988281,460.8872693,,NO
319, , , ,http://oakbec.s3.amazonaws.com/Archive/As-Builts/C95370.pdf,C95370,0,{66D8BAF8-512D-4F4A-AB08-89C8646CEB30},4029.503906,256.1318028,,NO
320, , , ,http://oakbec.s3.amazonaws.com/Archive/As-Builts/C148610.pdf,C148610,2001,{98A99FEA-5EC9-4AEE-A1D0-D83832964736},4002.984375,447.2249104,,NO
321, , , ,http://oakbec.s3.amazonaws.com/Archive/As-Builts/C65910.pdf,C65910,1995,{E3C7D809-2FB0-43FB-8204-7145CA63413C},3942,398.2591686,,NO
322, , , ,http://oakbec.s3.amazonaws.com/Archive/As-Builts/C57510.pdf,C57510,1993,{57E7FD6F-B24A-47A2-A973-D20FCAD4CEA3},3917.988281,369.8834495,,NO
323, , , ,http://oakbec.s3.amazonaws.com/Archive/As-Builts/C57810.pdf,C57810,1994,{49F7FCEC-5915-49D7-A438-876AF8119DF0},3907.480469,466.5610777,,NO
324, , , ,http://oakbec.s3.amazonaws.com/Archive/As-Builts/C282817.pdf,C282817,2006,{D7E839F3-F81B-410F-B2F5-FDA673034946},3864.988281,424.5303416,2019,YES
325, , , ,http://oakbec.s3.amazonaws.com/Archive/As-Builts/C69810.pdf,C69810,1998,{B4373F47-E51B-4377-A142-96D6B7DC9D8F},3846.164063,340.4502937,,NO
326, , , ,http://oakbec.s3.amazonaws.com/Archive/As-Builts/C56010.pdf,C56010,1993,{FF5A70B9-A46F-4ED6-AF0D-C776DB0F7FD3},3791.992188,338.1409536,,NO
327, , ,http://oakbec.s3.amazonaws.com/Archive/As-Builts/C136110A.pdf,http://oakbec.s3.amazonaws.com/Archive/As-Builts/C136110.pdf,C136110,1999,{8336F814-F89D-4210-8652-6ADB433A87F9},3706.511719,692.2088002,,NO
328, , , ,http://oakbec.s3.amazonaws.com/Archive/As-Builts/C262410.pdf,C262410,2006,{465110C4-ADFB-42AF-AB8E-2E15E50756F4},3660.992188,456.2432733,,NO
329, , , ,http://oakbec.s3.amazonaws.com/Archive/As-Builts/C56810.pdf,C56810,1995,{A1D76DFE-43DB-4422-9990-F873AD2F615D},4602.753906,400.5313488,2019,YES
330, , , ,http://oakbec.s3.amazonaws.com/Archive/As-Builts/B00210.pdf,B00210,1995,{F7C89CEA-9931-4BF2-8E34-A737C61D5252},3553.992188,371.3875868,,NO
331, , , ,http://oakbec.s3.amazonaws.com/Archive/As-Builts/C91010.pdf,C91010,2001,{35018CB9-27C5-4102-B33D-8802E4F5DC47},3471,387.1712781,,NO
332, , , ,http://oakbec.s3.amazonaws.com/Archive/As-Builts/C171110.pdf,C171110,2003,{DF053ADD-F388-4014-8E15-61DDFE43F092},3466.5,487.0417323,,NO
333, , , ,http://oakbec.s3.amazonaws.com/Archive/As-Builts/C329111.pdf,C329111,2007,{EAB45EE6-F2DA-4DDB-879C-63B6F2B09480},1392.972656,260.7266422,2017,YES
334, , , ,http://oakbec.s3.amazonaws.com/Archive/As-Builts/C99310.pdf,C99310,1999,{844D91BF-9A89-4CBB-87D3-69FCD2460092},5209.671875,592.5493047,2019,YES
335, , , ,http://oakbec.s3.amazonaws.com/Archive/As-Builts/C190710.pdf,C190710,2001,{2D003EC2-2059-4A1F-A863-B531504C123E},3299.5,578.1918614,2019,YES
336, , , ,http://oakbec.s3.amazonaws.com/Archive/As-Builts/C56810.pdf,C56810,1995,{51F0225F-E679-45DD-ABA2-475CF3F341E6},2149.222656,253.927827,2019,YES
337, , , ,http://oakbec.s3.amazonaws.com/Archive/As-Builts/C56810.pdf,C56810,1995,{ECF12EE4-BDC1-4C5E-AB7C-575AF77B22FD},3032.636719,340.6896215,2019,YES
338, , , ,http://oakbec.s3.amazonaws.com/Archive/As-Builts/C36210.pdf,C36210,1992,{3974DEA7-D441-401A-932B-5970753E2CCF},3146.496094,401.4152996,,NO
339, , , ,http://oakbec.s3.amazonaws.com/Archive/As-Builts/C91210.pdf,C91210,0,{B418CA2F-7564-4EAD-85FE-24E8691178C7},3143.5,218.6562354,,NO
340, , , ,http://oakbec.s3.amazonaws.com/Archive/As-Builts/C262410.pdf,C262410,2006,{02D26CE1-F263-478E-B6BC-91A0163F251C},3042.5,475.6349187,,NO
341, , , ,http://oakbec.s3.amazonaws.com/Archive/As-Builts/G298610.pdf,G298610,2006,{2A322274-DD98-4127-90A2-7775630534C2},3004.003906,229.1509708,,NO
342, , , ,http://oakbec.s3.amazonaws.com/Archive/As-Builts/C57810.pdf,C57810,1994,{EFC9685B-1DE9-4823-BD42-0434DA68D3C1},2985.988281,406.1400933,,NO
343, , , ,http://oakbec.s3.amazonaws.com/Archive/As-Builts/C39310.pdf,C39310,0,{9B0A8FB9-16FE-47B4-A609-DFE0A11B72F2},2939.992188,437.4425936,,NO
344, , , ,http://oakbec.s3.amazonaws.com/Archive/As-Builts/C36400.pdf,C36400,1989,{E6B3C39F-8186-4F81-8B29-5D4B42C3D114},2920.988281,439.4885428,,NO
345, , , ,http://oakbec.s3.amazonaws.com/Archive/As-Builts/C38300.pdf,C38300,1989,{455DB335-C28E-4D60-BB50-96CCE8A877F0},2850.492188,303.3206248,,NO
346, , , ,http://oakbec.s3.amazonaws.com/Archive/As-Builts/C318210.pdf,C318210,2010,{E4334A62-C1F6-43E5-BD34-781DF12A3137},2821,216.1503608,,NO
347, , , ,http://oakbec.s3.amazonaws.com/Archive/As-Builts/C455611.pdf,C455611,2012,{C12D0323-144A-4028-8D62-1FEA1E69E021},2802.550781,484.4954105,,NO
348, , , ,http://oakbec.s3.amazonaws.com/Archive/As-Builts/C71410.pdf,C71410,1995,{09429B4E-E0ED-48C1-B323-4AFD29CEF104},2752.503906,237.1888383,,NO
349, , , ,http://oakbec.s3.amazonaws.com/Archive/As-Builts/C38910.pdf,C38910,0,{34CDE600-2ADC-4201-9F3A-9514AFF31C44},2708.003906,263.7461496,,NO
350, , , ,http://oakbec.s3.amazonaws.com/Archive/As-Builts/C49110.pdf,C49110,1991,{52575122-2EEB-4D04-A6A6-A14742CBB94B},2699.496094,383.861982,2019,YES
351, , , ,http://oakbec.s3.amazonaws.com/Archive/As-Builts/G297710.pdf,G297710,2006,{F48C48A7-19E0-4EB4-90DF-C9D772EB4B60},2666.496094,271.4090017,,NO
352, , , ,http://oakbec.s3.amazonaws.com/Archive/As-Builts/C260910.pdf,C260910,2005,{4940A1C8-210E-4B3A-B39E-97DF2296475D},4159,380.0773503,2017,YES
353, , , ,http://oakbec.s3.amazonaws.com/Archive/As-Builts/C171110.pdf,C171110,2003,{48EE5E7D-8FCA-4D1B-AD33-63C6EA859B21},2615.496094,213.8053449,,NO
354, , ,http://oakbec.s3.amazonaws.com/Archive/As-Builts/C59710A.pdf,http://oakbec.s3.amazonaws.com/Archive/As-Builts/C59710.pdf,C59710,1994,{2AB7296D-FD4C-456E-910C-5F6B70E441CE},2567.992188,348.1351881,,NO
355, , , ,http://oakbec.s3.amazonaws.com/Archive/As-Builts/C65010.pdf,C65010,1997,{52B64CDB-734D-4F99-AB46-DB4F694642C1},2467.667969,191.9572284,,NO
356, , , ,http://oakbec.s3.amazonaws.com/Archive/As-Builts/C75210.pdf,C75210,1998,{1C7C810B-BEFD-4DFB-9C87-E9AD0F198214},2450.765625,190.2813988,,NO
357, , , ,http://oakbec.s3.amazonaws.com/Archive/As-Builts/C39410.pdf,C39410,1993,{8A6DAFA3-5EC0-49B5-8617-A09F1F395FA7},2433.996094,369.6935108,,NO
358, , , ,http://oakbec.s3.amazonaws.com/Archive/As-Builts/C236310.pdf,C236310,2003,{6C726BD2-EABA-4752-9637-227AE67FA9B9},2431.511719,380.0843033,,NO
359, , , ,http://oakbec.s3.amazonaws.com/Archive/As-Builts/C260910.pdf,C260910,2005,{B0FA87BB-9C5B-43D9-9241-8F40BC834D80},923.890625,126.5783928,2017,YES
360, , , ,http://oakbec.s3.amazonaws.com/Archive/As-Builts/C221810.pdf,C221810,2005,{5D78A2D7-5466-461C-A12E-DA15C9A9E098},2288.484375,664.5330174,,NO
361, , , ,http://oakbec.s3.amazonaws.com/Archive/As-Builts/C369630.pdf,C369630,2011,{755A34CC-3DD1-4095-85C9-26BF72CE5BFD},2268.996094,227.2497492,,NO
362, , , ,http://oakbec.s3.amazonaws.com/Archive/As-Builts/C57810.pdf,C57810,1994,{EB537A16-A03F-44BE-9BD0-2EF8738C85F5},2191.996094,266.4631223,,NO
363, , , ,http://oakbec.s3.amazonaws.com/Archive/As-Builts/C262410.pdf,C262410,2006,{7C21FF1D-1A13-4A29-B07A-1F45ACFD30FC},2169.003906,364.4885085,,NO
364, , , ,http://oakbec.s3.amazonaws.com/Archive/As-Builts/C282860.pdf,C282860,2006,{80FB5A40-F450-4C12-A4C3-65DB62EF9510},2156.015625,376.8881047,,NO
365, , , ,http://oakbec.s3.amazonaws.com/Archive/As-Builts/G297010.pdf,G297010,2006,{146A3ECA-EBE0-4567-B202-B8DCFDB37F04},2157.003906,217.188373,,NO
366, , , ,http://oakbec.s3.amazonaws.com/Archive/As-Builts/C282860.pdf,C282860,2006,{56E3290D-2111-4319-8E95-B10EBB07BCFA},2137.988281,296.9308055,,NO
367, , , ,http://oakbec.s3.amazonaws.com/Archive/As-Builts/C282816.pdf,C282816,2006,{42E5258A-6208-43C8-8136-DEC10492FE6B},2688.546875,466.1143914,2019,YES
368, , , ,http://oakbec.s3.amazonaws.com/Archive/As-Builts/C89610.pdf,C89610,2000,{2D440A99-ADB8-498B-91CD-460CCE62C607},2071.269531,183.0611572,,NO
369, , , ,http://oakbec.s3.amazonaws.com/Archive/As-Builts/C260910.pdf,C260910,2005,{FF01FF7D-B50D-4580-A13D-4DDAE873245E},1845.6875,289.8200796,2017,YES
370,, , ,http://oakbec.s3.amazonaws.com/Archive/As-Builts/C96310.pdf,C96310,2002,{EFCBB3D1-F8C2-4895-AAE4-D92A7817D4BD},2007.996094,221.7906872,,NO
371, , , ,http://oakbec.s3.amazonaws.com/Archive/As-Builts/C260910.pdf,C260910,2005,{6A600DC8-25DA-4822-B7D4-32493DB4F8F1},1978.953125,237.5566155,2017,YES
372, , , ,http://oakbec.s3.amazonaws.com/Archive/As-Builts/C188610.pdf,C188610,2002,{A48D89AA-36BD-4A09-AA87-7868D366983E},1918.996094,242.5697486,,NO
373, , , ,http://oakbec.s3.amazonaws.com/Archive/As-Builts/C313710.pdf,C313710,2010,{EDEEC9B7-1E57-4948-9282-9B45989FE9CF},1779,186.1020195,,NO
374, , , ,http://oakbec.s3.amazonaws.com/Archive/As-Builts/C208410.pdf,C208410,2002,{A7DA3AF4-AC24-4F14-8364-8496D56FA864},4640.582031,623.0886619,2019,YES
375, , , ,http://oakbec.s3.amazonaws.com/Archive/As-Builts/C08000.pdf,C08000,1991,{D6C4F54E-31E4-4F03-96D0-6C005DD1C986},1531.996094,367.7846234,,NO
376, , , ,http://oakbec.s3.amazonaws.com/Archive/As-Builts/C171110.pdf,C171110,2003,{4A4ED690-7068-4DC6-9E96-2DE6927C30E4},1445.5,189.2700395,,NO
377, , , ,http://oakbec.s3.amazonaws.com/Archive/As-Builts/C279310.pdf,C279310,2008,{BE77476E-2210-4CF4-9E16-340AC27F27F4},3478.628906,541.0060121,2017,YES
378, , , ,http://oakbec.s3.amazonaws.com/Archive/As-Builts/C64410.pdf,C64410,1993,{0D509BBA-329C-4297-86A1-DA69B284261A},1417.5,163.9217199,,NO
379, , , ,http://oakbec.s3.amazonaws.com/Archive/As-Builts/G31800%2887310%29.pdf,G31800,1989,{BB552734-BF43-43A9-86D0-92BDB77C4065},1356.496094,197.2565024,2020,YES
380, , , ,http://oakbec.s3.amazonaws.com/Archive/As-Builts/C38510.pdf,C38510,1992,{701C5864-FAF1-485A-BECB-64A9A208F295},1295.992188,528.4977299,,NO
381, , , ,http://oakbec.s3.amazonaws.com/Archive/As-Builts/G31800%2887310%29.pdf,G31800,1989,{E8F04601-60CD-4DE5-9B7F-2D68F6C63B9D},1268.996094,188.7157408,2020,YES
382, , ,http://oakbec.s3.amazonaws.com/Archive/As-Builts/C51010A.pdf,http://oakbec.s3.amazonaws.com/Archive/As-Builts/C51010.pdf,C51010,1992,{EE1BF309-CE09-4EF0-82DD-CD84BB89F736},1180.007813,204.1518232,,NO
383, , , ,http://oakbec.s3.amazonaws.com/Archive/As-Builts/C75210.pdf,C75210,1998,{FE77E959-1614-46AD-B65C-04FA1A9E9D2D},1126.867188,123.6606515,,NO
384, , , ,http://oakbec.s3.amazonaws.com/Archive/As-Builts/C57510.pdf,C57510,1993,{067A8C87-D4D5-4F13-8F0F-F7CDBCAF9DD7},1107,156.7047115,,NO
385, , , ,http://oakbec.s3.amazonaws.com/Archive/As-Builts/C171110.pdf,C171110,2003,{E4416D63-4F15-429B-B4B3-4A3388036D47},1089,170.978219,,NO
386, , , ,http://oakbec.s3.amazonaws.com/Archive/As-Builts/C58110.pdf,C58110,1993,{29E727DB-FE0C-4993-AAAB-F55439BD7746},1030.496094,267.7964728,,NO
387, , , ,http://oakbec.s3.amazonaws.com/Archive/As-Builts/97720.pdf,97720,1988,{DE3EBB07-56F6-4090-A092-7A4F0FD554F1},1005.496094,346.250916,,NO
388, , , ,http://oakbec.s3.amazonaws.com/Archive/As-Builts/C262410.pdf,C262410,2006,{3D081063-11BA-41F7-B134-70AFC8F7A525},957.0039063,263.0282033,,NO
389, , ,http://oakbec.s3.amazonaws.com/Archive/As-Builts/C51310A.pdf,http://oakbec.s3.amazonaws.com/Archive/As-Builts/C51310.pdf,C51310,1991,{9BE0E455-78E3-492D-857C-5D2F2C9E3654},1114.667969,158.5599108,2019,YES
390, , , ,http://oakbec.s3.amazonaws.com/Archive/As-Builts/C171110.pdf,C171110,2003,{82BB4870-10DA-4A78-BD0D-B988007572DB},829.5,176.9126178,,NO
391, , , ,http://oakbec.s3.amazonaws.com/Archive/As-Builts/C186810.pdf,C186810,2002,{906D9A2D-5211-4744-ABBB-3B5CA1F25A03},762,140.6183051,,NO
392, , , ,http://oakbec.s3.amazonaws.com/Archive/As-Builts/C260910.pdf,C260910,2005,{FF229392-DF9A-46DF-82E4-44D4F458563D},3862.3125,357.3709404,,NO
393, , , ,http://oakbec.s3.amazonaws.com/Archive/As-Builts/C171110.pdf,C171110,2003,{720E36CC-39F4-4EA7-99F5-08A3A277AB44},728.0078125,303.0783604,,NO
394, , , ,http://oakbec.s3.amazonaws.com/Archive/As-Builts/C260910.pdf,C260910,2005,{58F7E672-8A2F-4FF6-8909-BF855FFE9861},782.6875,142.2030987,2017,YES
395, , , ,http://oakbec.s3.amazonaws.com/Archive/As-Builts/C170710.pdf,C170710,2001,{B2B0E578-045F-40C6-B08B-A9744599498C},652.5,247.5240892,,NO
396, , , ,http://oakbec.s3.amazonaws.com/Archive/As-Builts/C99410.pdf,C99410,1999,{B7E3CAA6-3D6A-4C1A-9AED-22F4AA99F56B},562.9960938,365.9398574,,NO
397, , , ,http://oakbec.s3.amazonaws.com/Archive/As-Builts/C49310.pdf,C49310,1991,{F93B0E73-A35A-420E-9D5B-5543A6409417},556.5,227.7238422,,NO
398, , , ,http://oakbec.s3.amazonaws.com/Archive/As-Builts/C97210.pdf,C97210,0,{9D9B4238-D222-47A1-8C43-0F8C49F547A4},527.5078125,91.8803164,,NO
399, , , ,http://oakbec.s3.amazonaws.com/Archive/As-Builts/C36710.pdf,C36710,1992,{6904D249-D994-49DA-917D-56C479806FC8},517.4921875,255.2897627,,NO
400, , , ,http://oakbec.s3.amazonaws.com/Archive/As-Builts/C82010.pdf,C82010,1998,{0C6077DE-15C5-4791-9069-DC3C6646F00D},506.9921875,198.5331391,,NO
401, , , ,http://oakbec.s3.amazonaws.com/Archive/As-Builts/C97110.pdf,C97110,2000,{8C2E6E0C-22E9-446D-83B0-B122E0467612},306.5,74.10271074,,NO
402, , , ,http://oakbec.s3.amazonaws.com/Archive/As-Builts/C73110.pdf,C73110,1996,{7B00B3DE-EAE3-4185-BFA9-43C3675DFDF5},248.9960938,136.0348488,,NO
403, , ,http://oakbec.s3.amazonaws.com/Archive/As-Builts/C51010A.pdf,http://oakbec.s3.amazonaws.com/Archive/As-Builts/C51010.pdf,C51010,1992,{B8625E7F-FAAD-46B4-8749-744D57E055C7},197.5,117.8140041,,NO
404, , , ,http://oakbec.s3.amazonaws.com/Archive/As-Builts/C170810A21.pdf,C170810A21,2002,{8A7DB0F0-3F21-4C6C-BAAA-29740B3EF1F1},164.9960938,167.8584093,,NO
405, , , ,http://oakbec.s3.amazonaws.com/Archive/As-Builts/SID%205153.pdf,SID 5153,0,{3FEE73FF-1D85-42BE-9D51-6FD629F4D2CC},54796.84766,4130.205406,,NO
406, , , ,http://oakbec.s3.amazonaws.com/Archive/As-Builts/C227210.pdf,C227210,2006,{6B77E348-2A13-4ECA-87EB-EEEF895518C2},1122299.75,4929.873892,2017,YES
407,,,,http://oakbec.s3.amazonaws.com/Archive/As-Builts/C312810.pdf,C312810,2016,{135347F6-97A5-46B1-B024-0F0A27EC2E38},463194.0078,2989.544659,2017,YES
408,,,,http://oakbec.s3.amazonaws.com/Archive/As-Builts/C329124.pdf,C329124,2013,{6282E475-C3A4-4473-B9A1-866D2F15B1E1},15852.76953,1169.298239,2017,YES
409,,,,http://oakbec.s3.amazonaws.com/Archive/As-Builts/C329124.pdf,C329124,2013,{6B44F28E-C566-4B87-B152-BCFA976A083E},4091.910156,265.3672495,2017,YES
410,,,,http://oakbec.s3.amazonaws.com/Archive/As-Builts/C312410.pdf,C312410,2014,{705F3448-5180-44D0-860A-56F079DE0293},852536.8438,5222.452734,2017,YES
411,,,,http://oakbec.s3.amazonaws.com/Archive/As-Builts/C329135.pdf,C329135,2015,{E35186DD-1598-4727-B678-BC2E053ED872},13073.14453,1595.385827,2017,YES
412,,,,http://oakbec.s3.amazonaws.com/Archive/As-Builts/C329135.pdf,C329135,2015,{D2EA7DB7-73AA-437C-AC1C-3D9A2AEC04B7},11097.22656,1149.550961,2017,YES
413,,,,http://oakbec.s3.amazonaws.com/Archive/As-Builts/C329131.pdf,C329131,2014,{40B5D99C-A937-4966-A9C9-CD848113C764},4869.472656,353.4052751,2017,YES
414,,,,http://oakbec.s3.amazonaws.com/Archive/As-Builts/C329134.pdf,C329134,2015,{2ECD99F8-C8B4-4FFD-AB72-C45B5FDB1F57},142550.3789,1625.902099,2017,YES
415,,,,http://oakbec.s3.amazonaws.com/Archive/As-Builts/C329143.pdf,C329143,2015,{A011B218-A33A-4ADE-B54B-3A1209E3FF11},1035086.328,4229.303375,2017,YES
416,,,,http://oakbec.s3.amazonaws.com/Archive/As-Builts/C267620.pdf,C267620,2015,{9CCEF30C-5140-4273-BCA6-9A29DAE07CD9},1698.097656,183.0192435,2017,YES
417,,,,http://oakbec.s3.amazonaws.com/Archive/As-Builts/C329131.pdf,C329131,2014,{774708EE-FECE-4388-9787-53649211E88E},3703.382813,363.0089841,2017,YES
418,,,,http://oakbec.s3.amazonaws.com/Archive/As-Builts/C329131.pdf,C329131,2014,{72E25CAC-9607-46C7-9408-79987892C08C},8398.867188,877.1821449,2017,YES
419,,,,http://oakbec.s3.amazonaws.com/Archive/As-Builts/C428510.pdf,C428510,2015,{31F2A0C9-08CA-4073-A7EF-DEC17730E4A7},661029.1914,4325.854835,2017,YES
420,,,,http://oakbec.s3.amazonaws.com/Archive/As-Builts/C329144.pdf,C329144,2016,{7EE8196E-52A9-412F-A5D4-8470ED272FE0},1711024.68,8474.914162,2017,YES
421,,,,http://oakbec.s3.amazonaws.com/Archive/As-Builts/C329144.pdf,C329144,2016,{10FCB4B0-80BD-4C67-AD5F-34BDF02DF2C3},2347.179688,228.9476721,2017,YES
422,,,,http://oakbec.s3.amazonaws.com/Archive/As-Builts/C329144.pdf,C329144,2016,{5F53D5C4-1581-4949-A7F2-B4B6BD1EBFFD},983.8046875,143.0084127,2017,YES
423,,,,http://oakbec.s3.amazonaws.com/Archive/As-Builts/C329144.pdf,C329144,2016,{DFFD03EF-08A9-4307-841D-D491DF64DE58},2622.722656,382.8675058,2017,YES
424,,,,http://oakbec.s3.amazonaws.com/Archive/As-Builts/C329144.pdf,C329144,2016,{124AB93A-1859-4A41-AEED-5ED22F1290FB},3008.140625,371.9694705,2017,YES
425,,,,http://oakbec.s3.amazonaws.com/Archive/As-Builts/C329144.pdf,C329144,2016,{711EC0C1-8F58-4F03-ADFE-BFC2CB2D5807},18048.55469,1110.017318,2017,YES
426,,,,http://oakbec.s3.amazonaws.com/Archive/As-Builts/C329144.pdf,C329144,2016,{C234AD5F-59CF-416F-80B6-18D169774894},8243.652344,514.6927304,2017,YES
427,,,,http://oakbec.s3.amazonaws.com/Archive/As-Builts/C329149.pdf,C329149,2016,{39DA6401-A4DA-41A1-82BE-C3CC2994FA88},429689.3828,2569.004791,2017,YES
428,,,,http://oakbec.s3.amazonaws.com/Archive/As-Builts/C227230.pdf,C227230,2015,{5833192A-18AB-4DBC-B7AC-1B2C473D2855},633746.6914,4380.767048,2017,YES
429,,,,http://oakbec.s3.amazonaws.com/Archive/As-Builts/C329147.pdf,C329147,2016,{02AF20FF-B9E2-44F7-B1D5-8CE9A26D4C49},871022.1328,4351.914727,2017,YES
430,,,,http://oakbec.s3.amazonaws.com/Archive/As-Builts/C329123.pdf,C329123,2012,{3566D9FE-68E8-4585-A236-EFC09157D1E8},6239.113281,523.3556301,2017,YES
431,,,,http://oakbec.s3.amazonaws.com/Archive/As-Builts/C329123.pdf,C329123,2012,{BB9409D4-54DB-442C-A86F-1AF778B0037A},5259.679688,509.0137324,2017,YES
432,,,,http://oakbec.s3.amazonaws.com/Archive/As-Builts/C455620.pdf,C455620,2016,{A931ADE4-ED60-413A-B4C9-FEDFD2EF7618},3010.011719,573.0367528,2017,YES
433,,,,http://oakbec.s3.amazonaws.com/Archive/As-Builts/C455620.pdf,C455620,2016,{1FB57CE2-4D72-46EA-91CB-78D54844328F},7247.382813,804.016539,2017,YES
434,,,,http://oakbec.s3.amazonaws.com/Archive/As-Builts/C455620.pdf,C455620,2016,{DE22CB1A-528D-421E-9F98-548C9D0D930C},11818.56641,999.1129988,2017,YES
435,,,,http://oakbec.s3.amazonaws.com/Archive/As-Builts/C455620.pdf,C455620,2016,{98B1EB89-1503-4BF9-9984-974421B09382},3400.941406,251.4091926,2017,YES
436,,,,http://oakbec.s3.amazonaws.com/Archive/As-Builts/C455620.pdf,C455620,2016,{816FC531-844A-49DD-92FC-C71DF07B1A3F},3421.992188,364.110503,2017,YES
437,,,,http://oakbec.s3.amazonaws.com/Archive/As-Builts/C455620.pdf,C455620,2016,{F81284AC-8D29-4561-8963-2AEBE2F2566A},1652.539063,297.3159365,2017,YES
438,,,,http://oakbec.s3.amazonaws.com/Archive/As-Builts/C455620.pdf,C455620,2016,{C107D4F7-172D-4282-B1AB-8FE1DCF45366},2011.722656,198.9748698,2017,YES
439,,,,http://oakbec.s3.amazonaws.com/Archive/As-Builts/C455620.pdf,C455620,2016,{19B80752-90C6-4F33-8895-C429EF48951F},1273.90625,183.7380696,2017,YES
440,,,,http://oakbec.s3.amazonaws.com/Archive/As-Builts/C455620.pdf,C455620,2016,{383D7BA8-2CEC-49DC-BDE6-5B16C87F2181},201.6523438,64.7938748,2017,YES
441,,,,http://oakbec.s3.amazonaws.com/Archive/As-Builts/C455620.pdf,C455620,2016,{3CB21DA0-6850-4890-84DC-AC65A1CDC86F},4002.222656,448.5497959,2017,YES
442,,,,http://oakbec.s3.amazonaws.com/Archive/As-Builts/C455620.pdf,C455620,2016,{AB46F73B-753E-4B07-9743-289AFE028F82},14005.29688,732.5613549,2017,YES
443,,,,http://oakbec.s3.amazonaws.com/Archive/As-Builts/C455620.pdf,C455620,2016,{0B436521-339D-4394-9446-4B332BF34C66},2715.6875,502.5513882,2017,YES
444,,,,http://oakbec.s3.amazonaws.com/Archive/As-Builts/C455620.pdf,C455620,2016,{8F5ED29A-7F92-42BB-A6C2-7D993424B8FA},2818.863281,442.7346483,2017,YES
445,,,,http://oakbec.s3.amazonaws.com/Archive/As-Builts/C455620.pdf,C455620,2016,{D8ADF0CC-B80C-4D8B-8C5A-3D93F93A7BF8},5482.464844,467.6090786,2017,YES
446,,,,http://oakbec.s3.amazonaws.com/Archive/As-Builts/C455620.pdf,C455620,2016,{1515C164-8B60-4BF5-AEE9-8A79CE63AEA9},519.2890625,157.0387658,2017,YES
447,,,,http://oakbec.s3.amazonaws.com/Archive/As-Builts/C455620.pdf,C455620,2016,{9E76FBAE-1825-474F-9054-F15E40C88DBD},1007.820313,171.9517478,2017,YES
448,,,,http://oakbec.s3.amazonaws.com/Archive/As-Builts/C455620.pdf,C455620,2016,{3B1FCFA0-D48C-4521-8FA5-B91FA4A4E80F},13132.37891,1016.939486,2017,YES
449,,,,http://oakbec.s3.amazonaws.com/Archive/As-Builts/C329142.pdf,C329142,2016,{5ACC48A5-AA9C-4334-AC84-3CBABA4DC1DB},35436.88281,1244.926995,2017,YES
450,,,,http://oakbec.s3.amazonaws.com/Archive/As-Builts/C329142.pdf,C329142,2016,{1F7631E0-C0BC-4F1E-9160-07C21CACE162},180550.8789,4940.751071,2017,YES
451,,,,http://oakbec.s3.amazonaws.com/Archive/As-Builts/C461810.pdf,C461810,2014,{F9EC34F4-C00C-42D7-9095-F6FC10BEF447},35450.01953,1570.392065,2017,YES
452,,,,http://oakbec.s3.amazonaws.com/Archive/As-Builts/C329121.pdf,C329121,2012,{104F90B6-AA9E-4A8D-9858-17F919CE6E66},8983.152344,766.0195691,2017,YES
453,,,,http://oakbec.s3.amazonaws.com/Archive/As-Builts/C329121.pdf,C329121,2012,{6ABF5625-CF4E-4647-BA09-FCCF06369192},1456.335938,213.725276,,NO
454,,,,http://oakbec.s3.amazonaws.com/Archive/As-Builts/C329121.pdf,C329121,2012,{1B458C13-5C24-4211-8B67-B1E706B6E6BE},2242.171875,339.4476406,2017,YES
455,,,,http://oakbec.s3.amazonaws.com/Archive/As-Builts/C329122.pdf,C329122,2012,{BBB8E8CA-8300-4D07-9794-FB2D229A7836},4785.636719,563.4419961,2017,YES
456,,,,http://oakbec.s3.amazonaws.com/Archive/As-Builts/C329122.pdf,C329122,2012,{46E59F13-56DA-4218-8968-1F9A20F66798},9346.882813,710.7255571,2017,YES
457,,,,http://oakbec.s3.amazonaws.com/Archive/As-Builts/C455640.pdf,C455640,2017,{325424CD-62F4-4097-AF9D-B31FEA7304BF},2900.488281,282.3121643,2017,YES
458,,,,http://oakbec.s3.amazonaws.com/Archive/As-Builts/C455640.pdf,C455640,2017,{D97C1C44-522E-470A-9081-CD896ABD77D7},1210.480469,144.8060031,2017,YES
459,,,,http://oakbec.s3.amazonaws.com/Archive/As-Builts/C455640.pdf,C455640,2017,{135C65EF-A3CE-46BE-B75C-B7149D75218A},1776.359375,203.7262345,2017,YES
460,,,,http://oakbec.s3.amazonaws.com/Archive/As-Builts/.C455640.pdf,C455640,2017,{D595DE91-8ABE-424D-A274-B67042C3EAA7},1441.050781,163.9845306,2017,YES
461,,,,http://oakbec.s3.amazonaws.com/Archive/As-Builts/C455640.pdf,C455640,2017,{B252F72B-BAAA-45A2-AC2F-6761DC9D6C2B},65099.42188,2341.6076,2017,YES
462,,,,http://oakbec.s3.amazonaws.com/Archive/As-Builts/C312310.pdf,C312310,2012,{4A3B5222-2734-4DC4-89E3-B35AF3E5384B},693691.6484,3530.62665,2017,YES
463,,,,http://oakbec.s3.amazonaws.com/Archive/As-Builts/C329132.pdf,C329132,2014,{8F66109C-890D-482E-9FC2-C6ACEFEDCBE9},12575.79297,585.7797527,2018,YES
464,,,,http://oakbec.s3.amazonaws.com/Archive/As-Builts/C329132.pdf,C329132,2014,{FCFAF1F1-AA77-4D03-80BF-C0224E5884FB},17289.40625,875.7631826,2018,YES
465,,,,http://oakbec.s3.amazonaws.com/Archive/As-Builts/C329132.pdf,C329132,2014,{D5E96EAE-633D-436D-8FA9-C0778C04EE51},5637.464844,461.2981023,2018,YES
466,,,,http://oakbec.s3.amazonaws.com/Archive/As-Builts/C329151.pdf,C329151,2017,{19253B2E-5FED-4959-8237-23B8909C62C4},1006923.516,4346.294174,2018,YES
467,,,,http://oakbec.s3.amazonaws.com/Archive/As-Builts/C329151A.pdf,C329151,2017,{D53F88A7-298D-4963-B6BE-F3B9C4F04EE4},118614.5313,1499.628103,2018,YES
468,,,,http://oakbec.s3.amazonaws.com/Archive/As-Builts/C329149A.pdf,C329149,2016,{20560C05-59E1-4B5F-A2A0-D759AFA819CC},6401.242188,344.7453512,2017,YES
469,,,,,C455640,2017,{5D7190AC-D5A9-4B95-8927-C61B09E17DC5},5334.902344,362.5569081,2018,YES
470,,,,,C39010,1993,{B79C4D1A-5CD2-40A5-8234-ED7689C98908},1473.210938,191.0617458,2018,YES
471,,,,,C39010,1993,{27D9D047-5F59-44E6-ABFF-9B86895E240E},17647.15234,753.166667,2018,YES
472,,,,,C455640,2017,{2B2604F3-A866-4C3E-BB13-0031B708F325},327.0390625,78.71973345,2018,YES
473,,,,,C455640,2017,{F24A6923-A377-43C6-A78F-1E8BCD929B51},487.1875,89.90442932,2018,YES
474,,,,,C455640,2017,{C04AB1AA-A078-4B53-92EE-1335FB08E657},2408.585938,322.2024987,2018,YES
475,,,,,c260,,{51CFC73A-D8D0-4798-B773-444F95931561},7485.832031,439.0255805,,NO
476,,,,,1000980,2018,{FA29A79E-9578-4ECA-A9FA-B00A73B0CA33},686236.5156,3989.314848,,NO
477,,,,,1001039,2018,{B6FAC8EC-D5AE-4B24-AF9A-CC20859DEBB8},958435.2891,5523.221774,,NO
478,,,,,1000668,2018,{C8014D69-2292-40D4-9A6F-499F53C6CD8A},971890.043,3860.953988,,NO
479,,,,,1001173 (PARK BLVD),2018,{F275D982-1256-4CBD-8055-FF3697FAB5AA},47585.15625,1778.336304,,NO
480,,,,,1001173 (TRESTLE GLEN),2018,{2DE24D8A-EB9B-4D5B-8321-AE0FA1DB5A43},8244.214844,544.3941794,,NO
481,,,,,1001375,2017,{786DF65C-117C-4D32-928A-DAA5EA2EF4E2},299728.9648,2223.360258,,NO
482,,,,http://oakbec.s3.amazonaws.com/Archive/As-Builts/C39110.pdf,C39110,1993,{2BF58942-A3A9-4C25-B28C-4867F77F5954},11173.92578,1171.354115,2019,YES
483,,,,,C329128,2015,{2B675249-E826-4C09-A8AD-955BAAC5FC6C},39850.78906,2264.844767,2019,YES
484,,,,,C428610,2014,{42D47705-3C95-436D-B888-A938EABFA0EE},27297.93359,2191.290283,2019,YES
485,,,,https://oakbec.s3.amazonaws.com/Archive/As-Builts/C482950.pdf,C482950,2018,{57C1CECA-D3F7-4AE8-8A52-972EEA993ECE},312960.1094,4116.180125,2020,YES
